"","way_id","sessions","points"
"1",4256484,48,691
"2",4256485,26,502
"3",4256491,8,81
"4",4256495,9,681
"5",4256507,37,214
"6",4256513,58,629
"7",4256540,49,193
"8",4257028,144,5313
"9",4259341,27,183
"10",4259343,9,108
"11",4259344,4,29
"12",4259345,20,255
"13",4306658,12,499
"14",4306660,86,2574
"15",4306661,54,1244
"16",4306662,9,158
"17",4311944,1,23
"18",4311945,14,177
"19",4311946,2,45
"20",4311949,16,1314
"21",4311951,14,134
"22",8366889,2,348
"23",8366893,23,640
"24",8366896,16,1543
"25",8366901,12,805
"26",8367054,3,125
"27",8367055,15,888
"28",8367057,3,44
"29",8367058,13,910
"30",8367068,40,888
"31",8367069,50,2597
"32",8367070,13,779
"33",8367072,6,211
"34",8367073,9,187
"35",8367089,13,749
"36",8367092,42,1940
"37",8367093,22,639
"38",8367098,6,431
"39",8367103,6,210
"40",8367104,18,1304
"41",8367114,3,12
"42",8367118,16,326
"43",8367154,8,202
"44",8367155,11,483
"45",8367160,3,55
"46",10505795,1,1
"47",10505828,2,3
"48",10505840,2,33
"49",10505865,20,413
"50",10505929,5,103
"51",10505965,2,7
"52",10505985,22,724
"53",10859484,32,4752
"54",10859534,19,40
"55",12294186,37,309
"56",12294429,9,69
"57",12296341,10,225
"58",12296354,4,9
"59",12296423,5,331
"60",12296516,45,9871
"61",12296573,20,87
"62",12296600,5,57
"63",12296720,13,123
"64",12296762,2,65
"65",12296787,41,4423
"66",12297143,24,420
"67",12297710,18,294
"68",12297977,8,9
"69",12298305,27,1298
"70",12298717,37,3228
"71",12300169,7,205
"72",12300807,37,1241
"73",12301715,23,1338
"74",12302683,44,4829
"75",12302701,19,123
"76",12302717,13,75
"77",12303132,37,1219
"78",12303323,18,1664
"79",12303407,15,315
"80",12316265,21,174
"81",12316593,14,855
"82",12318231,19,61
"83",12318407,34,124
"84",12318715,18,547
"85",12319041,1,20
"86",12319081,21,193
"87",12319252,6,128
"88",12319284,15,116
"89",12319579,7,107
"90",12319658,8,135
"91",12319876,63,1291
"92",12320269,37,1729
"93",12362807,2,6
"94",12362872,19,716
"95",12366349,4,7
"96",12381028,10,45
"97",12384345,1,3
"98",12384394,3,3
"99",12386147,2,2
"100",12386249,10,60
"101",12388490,3,30
"102",12389533,7,111
"103",12391255,49,164
"104",12542493,14,191
"105",12542494,3,133
"106",12542495,3,28
"107",12542496,3,182
"108",12542497,10,706
"109",12542498,6,530
"110",12542499,2,468
"111",12543090,5,667
"112",12543115,22,695
"113",12543140,1,14
"114",12543151,19,315
"115",12543154,1,33
"116",12543217,2,10
"117",12543263,2,10
"118",12543642,2,34
"119",12543749,19,436
"120",12543893,53,199
"121",12543986,2,100
"122",12544276,27,414
"123",12544650,7,114
"124",13258419,40,134
"125",13258445,42,588
"126",13258510,47,157
"127",13258526,67,3541
"128",13259290,13,246
"129",13262695,36,991
"130",13262770,35,92
"131",13262869,4,4
"132",13263613,17,1043
"133",13265074,30,1816
"134",13268415,6,39
"135",13268420,20,462
"136",13274522,27,1717
"137",13274748,21,1863
"138",13274800,13,734
"139",13274855,27,3564
"140",13274993,10,199
"141",13275166,1,22
"142",13275183,20,766
"143",13275275,15,61
"144",13275751,19,826
"145",13276167,3,175
"146",13276498,38,4023
"147",13277299,40,2203
"148",13277357,53,2982
"149",13278020,38,2025
"150",13278159,8,446
"151",13278632,14,317
"152",13278787,32,464
"153",13279817,1,17
"154",13281765,4,133
"155",13530808,23,171
"156",13702685,5,815
"157",13702711,9,342
"158",13702954,5,117
"159",13703039,60,513
"160",13703046,57,91
"161",13703054,53,2979
"162",13703057,29,58
"163",13703302,1,7
"164",13703336,14,30
"165",13703402,22,503
"166",13703488,22,130
"167",13704034,2,30
"168",13704086,5,18
"169",13712233,7,231
"170",13712337,3,45
"171",13712407,15,62
"172",13712456,2,5
"173",13712631,11,132
"174",13712762,1,3
"175",13712770,4,49
"176",13712830,10,54
"177",13713599,12,69
"178",13713704,3,14
"179",13713710,3,6
"180",13713752,3,12
"181",13713756,5,36
"182",13713844,13,115
"183",13713923,3,200
"184",13713959,11,196
"185",13713991,1,3
"186",13714214,45,2804
"187",13714507,14,59
"188",13714675,22,1427
"189",13714843,34,3251
"190",13715015,52,1485
"191",13715172,30,2141
"192",13715388,17,620
"193",13715487,20,1079
"194",13715562,24,1361
"195",13716129,5,28
"196",13716160,8,183
"197",13716336,5,93
"198",13716624,3,53
"199",13797528,33,515
"200",13797599,46,3942
"201",13797704,33,1885
"202",13797785,116,2719
"203",13797813,83,1982
"204",13797817,113,512
"205",13797865,20,421
"206",13797903,29,993
"207",13797951,35,1867
"208",13797988,17,739
"209",13798046,76,1502
"210",13798089,49,341
"211",13798105,27,57
"212",13798158,36,664
"213",13798192,29,475
"214",13798242,49,2231
"215",13798272,6,100
"216",13798291,104,3442
"217",13798541,39,222
"218",13798545,12,145
"219",13798575,9,98
"220",13798688,45,451
"221",13798697,40,2240
"222",13798716,39,733
"223",13798768,31,122
"224",13798803,7,20
"225",13798889,2,13
"226",13798931,5,58
"227",13799456,38,141
"228",13799462,25,388
"229",13799514,44,121
"230",13799659,7,384
"231",13799864,10,76
"232",13800268,12,289
"233",13800986,4,37
"234",13801323,24,135
"235",13801868,34,153
"236",13802005,15,71
"237",13828712,46,152
"238",13836129,4,58
"239",13836474,1,7
"240",13843680,9,281
"241",13848026,9,266
"242",13848119,2,9
"243",13848683,8,242
"244",13848688,49,2196
"245",13848825,40,1704
"246",13848836,25,548
"247",13849075,9,69
"248",13849088,20,534
"249",13854847,14,633
"250",13854848,9,425
"251",13860751,3,9
"252",13860800,7,45
"253",13860802,14,270
"254",14198008,7,254
"255",14326174,18,144
"256",14326182,16,348
"257",14326205,37,473
"258",14326256,22,279
"259",14326258,33,634
"260",14326464,25,985
"261",14326487,5,65
"262",14326493,35,1333
"263",14326558,43,2165
"264",14326572,63,1983
"265",14326733,31,1179
"266",14327260,9,331
"267",14327274,9,43
"268",14327318,13,204
"269",14327351,10,1038
"270",14327438,1,1
"271",14327505,10,174
"272",14327522,4,135
"273",14327545,5,286
"274",14327867,13,437
"275",14327868,6,240
"276",14327876,9,1220
"277",14328357,7,421
"278",14328446,15,1282
"279",14328480,10,342
"280",14328502,11,238
"281",14328519,12,681
"282",14328611,5,10
"283",14329021,19,839
"284",14329086,27,2172
"285",14329124,25,375
"286",14333207,3,9
"287",14333264,13,33
"288",14333276,2,70
"289",14333321,8,415
"290",14333465,3,331
"291",14333500,3,88
"292",14333954,6,208
"293",14333980,2,203
"294",14334037,1,1
"295",14334057,4,15
"296",14334086,1,1
"297",14334141,1,23
"298",14334161,3,35
"299",14334228,4,55
"300",14334234,1,14
"301",14334358,3,162
"302",14334376,1,44
"303",23393871,2,52
"304",23393876,4,192
"305",23786728,9,292
"306",23786730,7,279
"307",23786733,2,13
"308",24812056,42,134
"309",25254043,24,854
"310",25410272,32,541
"311",25410287,39,138
"312",25410297,41,894
"313",25410462,2,6
"314",25410493,27,315
"315",25410513,53,228
"316",25410521,2,35
"317",25700630,2,94
"318",26119844,35,2811
"319",26119862,4,131
"320",26119880,20,185
"321",26119900,48,1200
"322",26119992,21,4088
"323",26207695,1,28
"324",26207794,31,13659
"325",26207889,2,15
"326",26248548,2,211
"327",26248551,8,360
"328",26248552,12,28
"329",26248554,8,181
"330",26248559,136,8047
"331",26248563,9,57
"332",26248564,67,1650
"333",26248565,18,719
"334",26248567,8,148
"335",26621084,5,170
"336",27009797,4,122
"337",27009803,1,4
"338",27009951,4,95
"339",27009984,32,38
"340",27010020,1,1
"341",27010128,2,28
"342",27010155,2,61
"343",27010179,1,3
"344",27010189,6,20
"345",27010196,6,158
"346",27102243,13,50
"347",27102294,1,18
"348",27103792,42,1909
"349",27103806,9,180
"350",27103848,1,94
"351",27103856,1,41
"352",27149261,9,77
"353",27149264,3,22
"354",27149266,6,131
"355",27149272,2,65
"356",27149317,6,42
"357",27149319,26,819
"358",27149321,12,105
"359",27289587,149,7036
"360",27289994,61,2367
"361",27290127,4,58
"362",27290137,3,167
"363",27290191,18,518
"364",27290217,2,63
"365",27290327,1,82
"366",27290392,2,7
"367",27290454,1,1
"368",27290456,3,183
"369",27290486,1,3
"370",27290902,1,42
"371",27290952,2,10
"372",27291160,39,2944
"373",27291161,16,174
"374",27291249,3,726
"375",27291520,1,7
"376",27291749,1,4
"377",27292207,33,574
"378",27292604,18,993
"379",27292621,2,14
"380",27292798,15,525
"381",27292800,6,102
"382",27292811,1,1
"383",27292818,14,886
"384",27292822,17,553
"385",27292882,39,2120
"386",27292887,3,58
"387",27292888,16,828
"388",27292930,5,515
"389",27292937,1,17
"390",27292953,4,452
"391",27292960,1,56
"392",27292961,3,154
"393",27292963,2,503
"394",27292965,3,270
"395",27292966,1,36
"396",27292990,1,1
"397",27293091,12,568
"398",27293116,4,81
"399",27293190,4,169
"400",27293217,1,18
"401",27293293,3,151
"402",27426435,5,586
"403",27426474,1,35
"404",27426476,4,84
"405",27426477,7,114
"406",27426496,1,19
"407",27426548,9,421
"408",27426560,4,12
"409",27426567,4,45
"410",27426581,1,11
"411",27426592,1,75
"412",27426601,2,63
"413",27426611,4,65
"414",27426627,1,63
"415",27426633,6,666
"416",27426634,3,84
"417",27426640,1,61
"418",27426641,1,11
"419",27426645,2,13
"420",27426663,3,219
"421",27426667,2,24
"422",27426673,5,89
"423",27426684,1,17
"424",27426890,2,50
"425",27558118,8,40
"426",27558147,5,5
"427",27558273,52,3220
"428",28193881,29,556
"429",28193886,33,259
"430",28193999,36,1665
"431",28393864,1,3
"432",28393992,1,12
"433",28393998,1,19
"434",28394006,2,21
"435",28394013,3,244
"436",28394015,3,78
"437",28394033,1,1
"438",28394035,1,1
"439",28394056,2,40
"440",28394099,9,399
"441",28394176,1,22
"442",28394198,1,10
"443",28394209,1,9
"444",28394235,1,1
"445",28394263,2,3
"446",28394276,18,280
"447",28394279,11,129
"448",28394284,5,87
"449",28433689,2,60
"450",28433727,1,94
"451",28433776,1,39
"452",28590544,12,489
"453",28590556,1,11
"454",28590727,1,13
"455",28590809,3,135
"456",28590826,4,67
"457",28590851,4,70
"458",28590865,1,7
"459",28590927,1,14
"460",28593790,1,27
"461",28593894,12,2589
"462",28593976,1,12
"463",28593993,2,32
"464",28593997,2,64
"465",28594000,1,19
"466",28594021,2,32
"467",28618123,2,4
"468",28618235,2,41
"469",28618310,32,342
"470",28618311,2,56
"471",28618312,2,14
"472",28618313,9,274
"473",28618361,15,347
"474",28618362,30,875
"475",28785456,22,890
"476",28996911,17,657
"477",29035149,52,763
"478",29035150,80,5244
"479",29035151,176,1136
"480",29035153,173,713
"481",29036508,80,3840
"482",29036509,174,6611
"483",29036513,27,92
"484",29036514,41,152
"485",29036517,70,4278
"486",29036519,52,1676
"487",29036532,79,1134
"488",29036533,2,6
"489",29036535,2,23
"490",29036536,2,62
"491",29036537,57,218
"492",29036539,58,686
"493",29036540,84,451
"494",29036541,84,1563
"495",29036542,2,25
"496",29036543,59,171
"497",29036544,61,441
"498",29036545,66,305
"499",29036546,85,1105
"500",29036547,65,518
"501",29036551,23,157
"502",29036553,18,169
"503",29036554,17,20
"504",29036555,17,86
"505",30405423,5,288
"506",30405489,9,359
"507",30405528,9,567
"508",30405557,53,2850
"509",30405564,5,218
"510",30405598,3,195
"511",30405603,1,265
"512",30417985,11,377
"513",30417987,29,1123
"514",30417989,9,59
"515",30417990,36,1038
"516",30444185,1,26
"517",30911255,6,352
"518",30911261,27,588
"519",30911266,3,57
"520",30911268,2,33
"521",30911269,1,12
"522",30911273,1,2
"523",30911274,3,93
"524",30911275,1,15
"525",30911276,3,31
"526",30911278,13,526
"527",30911281,9,171
"528",30911283,23,1011
"529",30911284,22,592
"530",30912861,62,4751
"531",30912862,5,694
"532",30912863,3,144
"533",30912866,4,97
"534",30912867,31,1201
"535",30912868,2,262
"536",30912869,4,373
"537",30912870,19,706
"538",30912871,2,104
"539",30912872,4,626
"540",30912873,15,441
"541",30912874,24,652
"542",30912875,11,219
"543",30912876,19,398
"544",30912877,6,354
"545",30912878,9,586
"546",30912880,7,372
"547",30912881,14,254
"548",30912883,12,663
"549",30912884,3,88
"550",30912891,9,87
"551",30912892,10,163
"552",30912895,1,1
"553",30912896,2,44
"554",30912899,2,17
"555",30912901,3,15
"556",30912902,29,946
"557",30912904,1,15
"558",30912908,12,166
"559",30912910,1,2
"560",30912914,1,32
"561",30912915,1,1
"562",30912916,14,137
"563",30912917,8,57
"564",30912920,3,12
"565",30912922,2,93
"566",30912924,1,45
"567",30912925,1,1
"568",30912926,1,1
"569",30912927,4,11
"570",30912936,5,78
"571",30912941,1,6
"572",31060211,31,1534
"573",31060242,4,292
"574",31261920,1,88
"575",31396393,38,1514
"576",31396444,3,85
"577",31572903,17,133
"578",31573135,8,379
"579",31573198,6,278
"580",31573502,30,339
"581",31720901,10,456
"582",31721016,20,502
"583",31721081,13,420
"584",31721584,15,1114
"585",31983039,47,347
"586",34592005,9,280
"587",34597087,60,4435
"588",34597437,9,805
"589",34607103,5,289
"590",34607492,28,177
"591",34607518,17,1483
"592",34607524,23,235
"593",34607575,12,120
"594",34612905,1,21
"595",34613887,1,96
"596",34614186,1,100
"597",34627575,20,610
"598",34628257,93,7629
"599",34628269,9,690
"600",34628548,3,19
"601",34640002,1,14
"602",34644746,66,4186
"603",34647798,5,232
"604",34648522,5,36
"605",34653072,37,1676
"606",34683151,13,891
"607",34683791,26,143
"608",34684086,7,114
"609",34704921,3,6
"610",34704970,69,598
"611",34711004,77,1354
"612",34711126,102,3930
"613",34712768,26,285
"614",34731974,4,173
"615",34732006,2,23
"616",34732332,2,26
"617",34732363,1,16
"618",34771961,8,223
"619",34772223,26,1004
"620",34772371,36,2974
"621",34774629,128,1260
"622",34777927,16,108
"623",34777947,8,41
"624",34798406,48,88
"625",34851065,6,156
"626",34882567,6,162
"627",34884993,22,380
"628",34884995,3,60
"629",34885149,5,86
"630",34885150,15,461
"631",34885152,3,182
"632",34885153,1,7
"633",34916303,4,85
"634",34924667,1,7
"635",34924668,4,39
"636",34935294,2,6
"637",34935295,12,740
"638",34935361,1,6
"639",34954653,5,509
"640",34957039,2,2
"641",34957040,24,909
"642",34957041,17,542
"643",34968603,5,267
"644",34976568,13,684
"645",34988345,29,1277
"646",35002614,2,25
"647",35004484,1,11
"648",35006697,110,3399
"649",35006698,74,1618
"650",35011273,23,129
"651",35011275,25,311
"652",35012775,5,151
"653",35012795,2,20
"654",35012828,4,74
"655",35020741,3,25
"656",35021059,2,25
"657",35042700,6,85
"658",35043277,2,22
"659",35043279,2,17
"660",35043629,13,631
"661",35043631,19,384
"662",35043632,1,26
"663",35043633,3,25
"664",35044064,91,812
"665",35044065,91,273
"666",35044066,146,1666
"667",35044067,66,173
"668",35044068,20,328
"669",35044070,5,15
"670",35044071,5,58
"671",35044072,27,139
"672",35047581,154,8630
"673",35047582,145,308
"674",35047583,79,177
"675",35047585,80,1254
"676",35050305,16,142
"677",35078498,52,800
"678",35078499,96,1125
"679",35078500,241,17023
"680",35078501,103,4784
"681",35078502,87,753
"682",35078680,136,872
"683",35085950,14,188
"684",35104764,5,270
"685",35104968,16,916
"686",35104969,17,269
"687",35104970,9,105
"688",35105021,5,22
"689",35105022,39,1920
"690",35105603,7,180
"691",35112010,47,1970
"692",35112465,1,139
"693",35112469,1,57
"694",35112473,1,23
"695",35112603,6,101
"696",35139979,4,22
"697",35145152,50,1485
"698",35145153,86,3163
"699",35145272,113,4449
"700",35145521,433,23372
"701",35145522,65,151
"702",35168581,29,856
"703",35168583,5,267
"704",35168584,3,18
"705",35168903,15,397
"706",35168906,2,28
"707",35168907,1,3
"708",35170178,22,147
"709",35170179,15,19
"710",35171965,14,332
"711",35202691,1,4
"712",35203138,1,11
"713",35203145,1,22
"714",35203184,1,11
"715",35203185,2,2
"716",35203817,23,1041
"717",35205231,7,193
"718",35229256,4,102
"719",35260648,16,223
"720",35260649,39,256
"721",35260650,5,91
"722",35260651,28,56
"723",35261109,2,44
"724",35330652,3,5
"725",35330759,1,1
"726",35330760,2,61
"727",35331288,23,1573
"728",35331289,1,1
"729",35331290,16,95
"730",35331292,6,140
"731",35331293,25,377
"732",35331294,23,63
"733",35331299,4,81
"734",35331409,3,22
"735",35331594,25,117
"736",35379620,1,5
"737",35379621,1,12
"738",35379623,6,35
"739",35380132,2,20
"740",35382876,11,365
"741",35382877,2,4
"742",35382878,2,6
"743",35382879,2,3
"744",35382885,2,11
"745",35382888,2,2
"746",35382893,3,12
"747",35382898,2,4
"748",35382900,2,11
"749",35382988,7,67
"750",35383635,3,139
"751",35384499,87,2750
"752",35384647,86,2045
"753",35384689,80,1867
"754",35385034,8,113
"755",35413114,12,55
"756",35413711,25,158
"757",35413712,25,151
"758",35413714,24,27
"759",35413715,54,394
"760",35413716,27,78
"761",35413718,17,232
"762",35413719,16,134
"763",35413720,7,68
"764",35413995,7,112
"765",35413996,25,525
"766",35413997,15,57
"767",35414000,9,34
"768",35414001,23,115
"769",35416640,1,43
"770",35429390,1,21
"771",35443468,5,101
"772",35443470,1,16
"773",35443471,12,1089
"774",35443473,17,646
"775",35446605,86,1614
"776",35446606,78,681
"777",35446849,10,751
"778",35447219,8,33
"779",35447220,6,331
"780",35474000,12,60
"781",35474001,3,4
"782",35474004,8,312
"783",35474708,26,497
"784",35474709,22,54
"785",35475028,34,1654
"786",35539397,20,26
"787",35539503,20,193
"788",35539786,21,407
"789",35541709,32,312
"790",35541722,21,210
"791",35546836,10,385
"792",35565170,1,49
"793",35725581,1,8
"794",35725587,19,1138
"795",35727408,17,254
"796",35727410,23,758
"797",35731436,4,15
"798",35731561,4,137
"799",35731564,2,12
"800",35731605,4,101
"801",35732205,2,31
"802",35744643,1,27
"803",35770755,8,25
"804",35997529,60,2882
"805",35997762,78,175
"806",35997763,74,7565
"807",35997812,11,192
"808",36001071,23,432
"809",36196379,7,33
"810",36268628,8,270
"811",36268629,4,63
"812",36268630,4,35
"813",36268853,1,1
"814",36355475,2,3
"815",36355828,2,46
"816",36357160,2,376
"817",36406765,2,9
"818",36406769,2,36
"819",36561813,6,115
"820",36561816,20,679
"821",36579873,26,394
"822",36740122,9,57
"823",36747397,2,66
"824",36748084,66,4080
"825",36748085,10,896
"826",36824719,1,17
"827",36835345,1,29
"828",36835675,8,77
"829",36835962,7,451
"830",36835963,2,129
"831",36835964,1,43
"832",36835965,5,5
"833",36835967,3,16
"834",36835969,6,141
"835",36835972,6,394
"836",36835973,4,4
"837",36836028,1,4
"838",36836029,2,11
"839",36836033,1,95
"840",36836039,3,109
"841",36836044,4,62
"842",36836045,1,9
"843",36836048,1,14
"844",36836104,2,18
"845",36836248,10,361
"846",36836250,26,341
"847",36836258,35,1622
"848",36905352,39,3789
"849",36921603,3,3
"850",36921605,1,1
"851",36921606,1,14
"852",36921607,2,10
"853",36921783,5,58
"854",36921784,2,28
"855",36921787,4,116
"856",36921788,2,22
"857",36921789,5,43
"858",36921791,5,47
"859",36921792,21,1072
"860",36922143,4,180
"861",36922144,10,554
"862",36922145,1,22
"863",36922146,1,29
"864",36928560,8,57
"865",36928561,20,902
"866",36928562,19,1291
"867",36928564,4,162
"868",36928565,5,159
"869",36928619,2,3
"870",36938663,8,936
"871",36938667,1,18
"872",36965446,23,659
"873",36979228,172,21664
"874",36996350,1,5
"875",36996353,17,453
"876",36996354,10,366
"877",36996745,9,602
"878",36996746,43,7313
"879",36996747,20,934
"880",36996748,33,436
"881",36996749,29,620
"882",36997782,1,2
"883",36997786,2,2
"884",36997787,1,1
"885",37092216,12,3358
"886",37092314,3,7
"887",37111744,2,45
"888",37112930,3,31
"889",37112931,11,506
"890",37112932,1,2
"891",37112935,3,801
"892",37112939,4,15
"893",37113027,21,25
"894",37113028,66,521
"895",37113029,113,709
"896",37113031,65,298
"897",37113032,2,3
"898",37120131,30,1711
"899",37120133,19,736
"900",37120135,23,514
"901",37120542,7,48
"902",37120543,7,45
"903",37120544,7,67
"904",37120545,7,201
"905",37141967,1144,95931
"906",37141968,112,12396
"907",37141970,242,7925
"908",37141971,79,2851
"909",37141972,10,217
"910",37141973,3,519
"911",37141974,30,1812
"912",37141975,2,144
"913",37141976,2,4
"914",37141977,10,174
"915",37141978,1,69
"916",37141979,22,944
"917",37141980,8,1920
"918",37141981,3,128
"919",37141982,8,372
"920",37141983,2,24
"921",37141985,3,12
"922",37142500,39,932
"923",37142655,92,3796
"924",37143412,64,2372
"925",37143413,17,152
"926",37143414,2,10
"927",37194468,7,598
"928",37202411,1,189
"929",37202416,1,28
"930",37221650,9,155
"931",37221655,5,27
"932",37221656,5,30
"933",37221657,5,164
"934",37221658,8,216
"935",37262659,1,1
"936",37338732,198,804
"937",37338733,400,15103
"938",37338734,34,968
"939",37338735,1,25
"940",37345789,5,74
"941",37345790,4,23
"942",37345791,11,99
"943",37345792,16,224
"944",37345793,11,514
"945",37352974,7,368
"946",37352975,8,140
"947",37406652,43,687
"948",37406655,2,17
"949",37413317,8,11
"950",37855519,4,164
"951",37855520,4,282
"952",37855521,4,225
"953",37855523,11,480
"954",37855525,8,194
"955",37855526,5,80
"956",37855527,4,323
"957",37855528,2,6
"958",37855529,1,4
"959",37855530,1,1
"960",37855531,9,43
"961",37856053,27,94
"962",37856479,3,93
"963",37856480,4,396
"964",37856481,2,316
"965",37856482,3,67
"966",37856707,4,32
"967",37856708,1,27
"968",37856823,88,14760
"969",37856824,22,96
"970",37856825,28,581
"971",37856966,2,60
"972",37856967,3,164
"973",37856970,1,30
"974",37856971,1,10
"975",37857250,2,2
"976",37857251,1,29
"977",37857252,1,1
"978",37857253,4,241
"979",37857256,1,8
"980",37857260,1,21
"981",37914793,1,8
"982",37914795,1,5
"983",37914796,1,2
"984",37914797,2,85
"985",37914798,2,11
"986",37914800,2,127
"987",37915263,1,11
"988",37915264,7,54
"989",37915266,1,1
"990",37915267,1,55
"991",37915268,2,20
"992",37916215,31,374
"993",37916216,13,305
"994",37916217,22,207
"995",37916218,6,49
"996",37916219,8,163
"997",37916220,28,1278
"998",37916221,20,155
"999",37937528,5,140
"1000",37937529,4,513
"1001",37937530,6,21
"1002",37937531,3,9
"1003",37937532,10,245
"1004",37937534,2,10
"1005",37956817,25,102
"1006",37956823,21,70
"1007",38001349,20,244
"1008",38001351,9,62
"1009",38001352,3,9
"1010",38080329,3,89
"1011",38082548,22,1854
"1012",38082558,37,1604
"1013",38083514,4,51
"1014",38336627,8,207
"1015",38336628,55,3199
"1016",38336633,44,1361
"1017",38336634,12,389
"1018",38336636,9,476
"1019",38336637,23,548
"1020",38336638,16,1137
"1021",38336641,2,91
"1022",38336643,4,77
"1023",38336644,19,446
"1024",39546381,1,11
"1025",39548910,11,97
"1026",39549246,1,3
"1027",39549247,4,18
"1028",39549565,1,19
"1029",39549792,1,4
"1030",39550749,1,8
"1031",39586894,1,1
"1032",39586944,18,43
"1033",39587009,1,1
"1034",39587108,1,1
"1035",39587490,1,1
"1036",39590128,1,1
"1037",39597607,2,68
"1038",39597692,3,88
"1039",39597779,1,8
"1040",39597832,5,179
"1041",39597960,1,6
"1042",39598055,2,13
"1043",39598232,9,424
"1044",39598458,5,67
"1045",39598605,1,1
"1046",39598629,2,45
"1047",39598786,1,27
"1048",39598863,17,2494
"1049",39598880,1,57
"1050",39601146,29,2322
"1051",39607639,6,259
"1052",39607829,13,373
"1053",39607841,12,442
"1054",39607956,27,490
"1055",39608490,30,958
"1056",39608733,9,268
"1057",39608754,7,178
"1058",39608833,1,129
"1059",39608973,4,20
"1060",39608992,4,42
"1061",39609163,3,3
"1062",39631877,3,55
"1063",39632852,15,501
"1064",39633008,3,77
"1065",39633344,26,822
"1066",39633589,4,37
"1067",39633790,5,201
"1068",39633884,3,89
"1069",39635136,1,10
"1070",39635151,5,14
"1071",39650114,1,9
"1072",39650163,1,1
"1073",39650208,1,4
"1074",39650861,1,15
"1075",39651761,1,3
"1076",39652032,1,1
"1077",39653306,1,31
"1078",39653580,1,23
"1079",39653923,1,57
"1080",39653956,1,1
"1081",39654094,41,156
"1082",39654345,50,4403
"1083",39657916,1,8
"1084",39657990,4,40
"1085",39657991,10,322
"1086",39658073,1,1
"1087",39658831,3,193
"1088",39668434,3,459
"1089",39669069,5,139
"1090",39669178,1,20
"1091",39669207,2,130
"1092",39669380,2,596
"1093",39670022,3,31
"1094",39670043,1,36
"1095",39670412,12,138
"1096",39670422,7,436
"1097",39670508,13,1420
"1098",39670518,12,398
"1099",39670525,4,622
"1100",39679530,1,136
"1101",39679893,9,252
"1102",39679967,17,1567
"1103",39685406,1,1
"1104",39690284,9,160
"1105",39690472,1,26
"1106",39701846,14,5152
"1107",39846855,5,12
"1108",39862511,5,66
"1109",39862802,1,10
"1110",39865747,16,27
"1111",39865748,1,20
"1112",39888049,3,141
"1113",39888118,1,25
"1114",39888368,1,1
"1115",39888372,2,155
"1116",39888400,1,14
"1117",39894728,6,35
"1118",39895267,5,149
"1119",39895274,4,161
"1120",39895276,1,84
"1121",39895279,1,48
"1122",39895281,1,52
"1123",39895285,25,2670
"1124",39895287,4,31
"1125",39895290,6,149
"1126",39895304,2,65
"1127",39896043,3,147
"1128",39896053,1,324
"1129",39896732,2,9
"1130",39896739,4,66
"1131",39911736,1,4
"1132",39911740,1,2
"1133",39911751,14,482
"1134",39911779,10,370
"1135",39911793,1,18
"1136",39911797,1,9
"1137",39911803,1,1
"1138",39911810,2,11
"1139",39911832,10,157
"1140",39914653,1,26
"1141",39915326,2,43
"1142",39915333,1,18
"1143",39920767,4,159
"1144",39928988,1,6
"1145",39928991,5,599
"1146",39929092,2,337
"1147",39935185,1,4
"1148",39935186,3,233
"1149",39935632,3,347
"1150",39977603,3,1296
"1151",39977605,1,7
"1152",39977753,4,217
"1153",39977994,12,2239
"1154",39978078,6,712
"1155",39980052,1,937
"1156",39980054,1,59
"1157",39991044,1,1537
"1158",39991045,2,36
"1159",39991046,3,746
"1160",39991053,1,395
"1161",39991054,1,764
"1162",39991527,1,33
"1163",39991528,1,27
"1164",39991532,2,18
"1165",39991718,1,54
"1166",39992138,1,294
"1167",39992141,2,25
"1168",39992143,1,31
"1169",39992145,1,1
"1170",40035865,1,8
"1171",40036519,1,1
"1172",40405026,12,40
"1173",40405027,13,241
"1174",40405028,18,63
"1175",40405029,22,978
"1176",40405032,1,24
"1177",40405033,11,255
"1178",40405036,24,440
"1179",40405038,5,15
"1180",40405039,26,247
"1181",40405040,33,76
"1182",40555769,1,24
"1183",40585814,1,26
"1184",40585816,1,15
"1185",40585818,1,21
"1186",40589810,2,11
"1187",40589811,8,71
"1188",40589812,2,59
"1189",40589815,1,51
"1190",40589823,2,2
"1191",40589829,1,10
"1192",40589830,1,25
"1193",40590099,4,89
"1194",40643195,4,391
"1195",40643208,1,31
"1196",40643217,2,30
"1197",40769483,1,16
"1198",40769495,2,84
"1199",40769511,1,3
"1200",40829989,4,148
"1201",40868760,2,49
"1202",40868781,3,360
"1203",40869529,1,18
"1204",40893737,3,43
"1205",40893739,1,21
"1206",40893744,8,91
"1207",40893746,2,78
"1208",40893747,2,10
"1209",40893753,5,100
"1210",40893757,4,19
"1211",40893759,4,6
"1212",40893762,15,961
"1213",40900871,2,800
"1214",40900872,2,2
"1215",40900874,2,4
"1216",40900901,2,4303
"1217",40900904,5,312
"1218",40900905,4,7
"1219",40900912,2,51
"1220",40900915,2,146
"1221",40900919,44,17028
"1222",40900922,8,26
"1223",40900923,2,9
"1224",40900924,6,2606
"1225",40902290,8,537
"1226",40905680,1,87
"1227",40905681,1,15
"1228",40905682,1,30
"1229",41018364,1,9
"1230",41018365,1,1
"1231",41018367,3,59
"1232",41018369,1,135
"1233",41018403,1,53
"1234",41018406,4,77
"1235",41096643,2,3
"1236",41096657,1,5
"1237",41096660,2,3
"1238",41096665,1,5
"1239",41097168,1,275
"1240",41182337,5,9
"1241",41182338,5,10
"1242",41379105,5,15
"1243",41379111,5,36
"1244",41380172,460,33313
"1245",41380173,398,31878
"1246",41594981,5,208
"1247",41595747,1,9
"1248",41595761,1,24
"1249",41597817,1,3
"1250",41597818,1,41
"1251",41738234,2,61
"1252",42621526,30,671
"1253",42743770,2,234
"1254",43247872,2,11
"1255",44093325,1,73
"1256",44094125,11,396
"1257",44095088,1,18
"1258",44157232,2,4
"1259",44157234,2,2
"1260",44157235,2,4
"1261",44157236,5,5
"1262",44157237,6,53
"1263",44157239,7,55
"1264",44157240,3,7
"1265",44157244,1,1
"1266",44157245,2,2
"1267",44157246,7,74
"1268",44157410,5,5
"1269",47938035,5,41
"1270",49982592,9,373
"1271",51228960,25,92
"1272",51228961,2,133
"1273",51230332,10,355
"1274",51230334,2,32
"1275",51230335,8,378
"1276",52070493,1,7
"1277",52070499,1,29
"1278",52070501,2,31
"1279",52070502,2,53
"1280",52070515,1,4
"1281",52070521,1,42
"1282",52070522,2,259
"1283",52070524,1,6
"1284",52089145,1,27
"1285",52704506,2,2
"1286",52885878,7,313
"1287",52936235,1,2
"1288",52936592,1,5
"1289",52944931,3,98
"1290",53033637,5,37
"1291",53048834,12,595
"1292",53354064,8,78
"1293",54936546,1,12
"1294",54936548,1,12
"1295",55503880,4,18
"1296",55504749,1,3
"1297",55581164,1,10
"1298",55581167,2,18
"1299",55581168,5,183
"1300",55581170,4,6
"1301",55584408,1,18
"1302",55594502,1,2
"1303",55594509,3,54
"1304",55594520,4,68
"1305",55594525,1,39
"1306",55597538,1,4
"1307",55597560,1,15
"1308",55602285,11,460
"1309",55603188,5,65
"1310",55604433,8,33
"1311",55604437,5,100
"1312",59525257,9,750
"1313",59525260,23,2289
"1314",60175223,26,1647
"1315",60175224,4,257
"1316",60175590,31,719
"1317",60175941,40,847
"1318",60461087,2,178
"1319",60461092,6,422
"1320",62075488,5,14
"1321",62075489,3,3
"1322",62075490,1,3
"1323",62075709,2,8
"1324",62075710,7,59
"1325",62087613,24,309
"1326",62087615,27,1279
"1327",62087616,1,5
"1328",62087617,37,2123
"1329",62087618,11,172
"1330",62087619,70,2016
"1331",62087620,1,35
"1332",62087621,2,5
"1333",62250100,5,271
"1334",62312653,9,69
"1335",63192525,328,11012
"1336",63202741,59,117
"1337",63202743,10,68
"1338",63202744,29,296
"1339",63202748,33,95
"1340",63634695,3,19
"1341",63634696,9,197
"1342",63844503,1,5
"1343",63844506,37,1775
"1344",63844513,2,3
"1345",63844517,1,1
"1346",63848181,10,477
"1347",64447160,19,392
"1348",70441339,4,136
"1349",75051332,3,3
"1350",75051337,6,41
"1351",75051346,1,3
"1352",75051356,1,291
"1353",75051418,2,2
"1354",75051483,3,26
"1355",94028590,11,122
"1356",94481891,18,482
"1357",94481893,7,412
"1358",94481895,5,207
"1359",94482353,1,17
"1360",94482354,1,12
"1361",94482355,3,77
"1362",94482358,7,645
"1363",94482360,3,10
"1364",95119706,9,298
"1365",95127163,2,15
"1366",95127165,24,403
"1367",95127166,6,15
"1368",95127168,2,134
"1369",95127169,17,419
"1370",95128760,47,2015
"1371",95128767,1,1
"1372",95141344,7,85
"1373",95141345,3,50
"1374",95141921,6,18
"1375",95141922,2,9
"1376",95141923,1,17
"1377",95162980,2,8
"1378",95162983,1,12
"1379",95162984,2,19
"1380",95162985,3,52
"1381",95162988,1,12
"1382",95162995,4,23
"1383",95162996,2,14
"1384",95163000,3,21
"1385",95163002,2,5
"1386",95163003,2,6
"1387",95163006,1,16
"1388",95163009,2,23
"1389",95163010,2,34
"1390",95163017,3,12
"1391",95163020,4,8
"1392",95361624,29,164
"1393",95361626,6,71
"1394",95361628,11,58
"1395",95363887,66,333
"1396",95363889,69,627
"1397",95562959,4,309
"1398",95582019,9,513
"1399",95660745,8,16
"1400",95791507,31,305
"1401",95791510,40,242
"1402",95791517,42,79
"1403",95791518,32,258
"1404",95791537,82,837
"1405",95791550,12,65
"1406",95802281,33,110
"1407",95802282,3,3
"1408",95802284,18,251
"1409",95802285,33,537
"1410",95802286,4,25
"1411",95841100,8,756
"1412",95841106,8,15
"1413",95841112,8,186
"1414",95841118,2,2
"1415",95841120,27,235
"1416",95841122,8,27
"1417",95841127,10,295
"1418",95841128,20,53
"1419",95841130,15,194
"1420",95841134,89,170
"1421",95841135,6,24
"1422",95841138,65,102
"1423",95841143,27,40
"1424",95841144,8,46
"1425",95841148,11,25
"1426",95841149,70,200
"1427",95841150,1,30
"1428",95841151,23,45
"1429",95841153,14,32
"1430",95841155,6,16
"1431",95841156,90,193
"1432",95841157,4,25
"1433",95841162,78,155
"1434",95843585,48,558
"1435",95843586,8,232
"1436",95843587,23,1144
"1437",95984918,48,379
"1438",96151239,37,4490
"1439",97233964,2,5
"1440",97235353,1,24
"1441",97235370,13,1498
"1442",98675904,4,331
"1443",98754010,16,300
"1444",98754087,6,1074
"1445",98754125,34,5395
"1446",98754140,1,86
"1447",98754161,10,33
"1448",98754249,3,17
"1449",98754350,1,1
"1450",98754371,3,21
"1451",98754426,3,9
"1452",98754616,8,197
"1453",98754617,1,1
"1454",98754677,1,32
"1455",98754808,5,22
"1456",98835800,16,124
"1457",98835808,9,780
"1458",98835813,6,36
"1459",98835848,19,256
"1460",98835856,1,1
"1461",98835859,7,426
"1462",98835870,2,14
"1463",98835871,4,29
"1464",98835873,4,4
"1465",98835875,22,220
"1466",98835877,1,33
"1467",98835886,7,215
"1468",98835888,6,87
"1469",98835906,7,101
"1470",98835914,2,65
"1471",98835918,3,4
"1472",98835919,4,21
"1473",98835923,15,175
"1474",98835932,5,481
"1475",98835945,1,3
"1476",98835949,3,188
"1477",98835956,23,932
"1478",98835967,1,8
"1479",98835969,4,220
"1480",98835973,1,8
"1481",98835995,1,148
"1482",98835997,4,36
"1483",98835999,1,12
"1484",98836024,1,3
"1485",98836025,1,21
"1486",98836036,1,1
"1487",98836037,4,41
"1488",98836053,28,145
"1489",98836069,1,54
"1490",98836077,1,18
"1491",98836102,33,149
"1492",98836113,8,98
"1493",98836115,2,4
"1494",98836126,2,144
"1495",99016335,23,55
"1496",99016357,3,88
"1497",99016362,20,25
"1498",99016365,1,554
"1499",99016404,24,464
"1500",99016455,5,37
"1501",99016507,3,47
"1502",99016587,1,4
"1503",99016596,1,18
"1504",99016627,5,59
"1505",99016644,5,19
"1506",99016651,20,209
"1507",99016660,9,343
"1508",99016680,2,38
"1509",99016693,38,1493
"1510",99016719,1,25
"1511",99016728,1,27
"1512",99016729,1,1
"1513",99016730,1,27
"1514",99016736,1,14
"1515",99185178,33,745
"1516",99238756,8,93
"1517",99238804,1,20
"1518",99238826,1,37
"1519",99256623,4,174
"1520",99256633,11,148
"1521",99256664,10,94
"1522",99256719,15,321
"1523",99256742,10,284
"1524",99256766,3,3
"1525",100862790,2,19
"1526",100862795,21,408
"1527",100862796,7,139
"1528",100862801,28,181
"1529",100862813,1,5
"1530",100862814,30,207
"1531",100862815,29,164
"1532",101117357,1,37
"1533",101117358,3,79
"1534",101117359,4,16
"1535",101118218,3,56
"1536",101118220,15,88
"1537",101153870,27,84
"1538",103844310,1,19
"1539",103844313,5,63
"1540",103865803,2,23
"1541",103865809,3,50
"1542",103866007,2,2
"1543",103916997,16,98
"1544",103916998,14,189
"1545",103917000,1,3
"1546",104179539,1,6
"1547",104179543,11,40
"1548",104179547,1,46
"1549",104685831,15,3006
"1550",104687535,1,23
"1551",104687536,1,47
"1552",104688711,5,323
"1553",104688715,1,15
"1554",104915569,32,1074
"1555",104915571,18,238
"1556",104916329,2,7
"1557",104916331,4,89
"1558",104916342,1,1
"1559",105482346,86,3735
"1560",105482347,64,577
"1561",105637463,17,277
"1562",105637465,12,80
"1563",105637466,10,226
"1564",105637468,5,53
"1565",105671668,3,8
"1566",105861006,2,121
"1567",105862059,3,68
"1568",105862061,3,33
"1569",106115722,3,20
"1570",106278871,1,21
"1571",106334851,316,15386
"1572",106334852,9,390
"1573",106334854,84,3258
"1574",106334856,12,370
"1575",106334857,33,1363
"1576",106334861,1,1
"1577",106334862,4,687
"1578",106334864,16,413
"1579",106334865,122,15167
"1580",106334866,3,22
"1581",106334867,19,497
"1582",106440984,13,135
"1583",106441012,85,3913
"1584",106441015,44,379
"1585",106466592,1,4
"1586",106466593,16,96
"1587",106466600,2,13
"1588",106466608,28,168
"1589",106466610,4,36
"1590",106466611,11,50
"1591",106466612,5,119
"1592",106466614,2,72
"1593",106466615,19,675
"1594",106466616,20,210
"1595",106466617,11,433
"1596",106572525,5,46
"1597",106572529,1,154
"1598",106572531,2,19
"1599",106572534,13,236
"1600",106572537,2,3
"1601",106586052,20,395
"1602",106586101,10,282
"1603",107430880,8,625
"1604",107613383,6,685
"1605",107613390,8,42
"1606",107613402,1,1
"1607",107613403,1,1
"1608",107613615,6,134
"1609",107826347,2,33
"1610",107958528,15,179
"1611",107958529,3,85
"1612",107958531,34,339
"1613",108219886,2,6
"1614",108333178,6,252
"1615",108333179,6,256
"1616",108353736,1,43
"1617",108353762,1,52
"1618",108353772,2,9
"1619",108385735,1,18
"1620",108385736,9,249
"1621",108390767,10,100
"1622",108390768,2,9
"1623",108390770,5,185
"1624",108390771,1,12
"1625",108390772,10,101
"1626",108480588,29,1108
"1627",109228442,19,901
"1628",109228512,1,10
"1629",109406986,3,13
"1630",109406990,4,61
"1631",110334887,3,90
"1632",110801268,19,93
"1633",110801269,9,170
"1634",110801271,22,902
"1635",110801275,14,217
"1636",110801277,21,444
"1637",112064480,9,633
"1638",112448957,4,256
"1639",112465238,3,712
"1640",112465240,11,670
"1641",112465243,13,447
"1642",112516904,12,2103
"1643",112517776,1,25
"1644",112588542,1,22
"1645",112631504,4,68
"1646",112635323,6,223
"1647",113804667,2,34
"1648",113804820,1,72
"1649",113844254,4,16
"1650",113849136,3,3
"1651",113849389,4,372
"1652",113849584,1,105
"1653",113957039,3,122
"1654",114207932,1,21
"1655",114207934,42,2114
"1656",114207936,1,2
"1657",115547978,3,22
"1658",115547979,1,34
"1659",115859554,37,6087
"1660",115860888,1,22
"1661",115861014,10,10
"1662",115861076,19,185
"1663",115861304,17,96
"1664",115861305,18,90
"1665",115861776,16,119
"1666",116610741,2,46
"1667",116610742,12,272
"1668",116611150,7,61
"1669",116611268,2,38
"1670",116613641,4,248
"1671",116720215,4,50
"1672",116871173,4,12
"1673",116878249,3,132
"1674",118148370,4,39
"1675",118148371,2,52
"1676",118148372,4,312
"1677",118148373,4,68
"1678",118148374,4,67
"1679",118148375,1,36
"1680",118148376,4,57
"1681",118153961,5,122
"1682",118153963,12,165
"1683",118670828,2,32
"1684",120692681,14,147
"1685",120692682,4,4
"1686",120692683,48,1986
"1687",120693467,3,24
"1688",120693470,12,33
"1689",120820880,11,342
"1690",120825321,3,13
"1691",120827012,8,17
"1692",120827015,1,10
"1693",120827345,1,1
"1694",120827346,1,1
"1695",120828168,11,63
"1696",120828170,2,10
"1697",121389587,7,281
"1698",124539828,32,1070
"1699",124718133,3,32
"1700",124718134,9,161
"1701",125000464,3,62
"1702",125000467,9,279
"1703",125000470,4,206
"1704",125000472,2,52
"1705",125000475,2,58
"1706",125102901,1,2
"1707",125102902,3,86
"1708",125102904,5,461
"1709",125150859,10,280
"1710",125150860,4,14
"1711",125150861,6,239
"1712",125151089,1,119
"1713",125151098,2,22
"1714",125151108,2,7
"1715",125151113,3,265
"1716",125151122,1,34
"1717",125151123,1,11
"1718",125151124,1,13
"1719",125513760,3,4
"1720",125513761,8,134
"1721",125513762,3,50
"1722",125513763,2,37
"1723",125513764,20,1807
"1724",125513766,7,73
"1725",125513767,5,5
"1726",125513768,1,1
"1727",125543263,8,500
"1728",125544058,15,609
"1729",125545708,1,9
"1730",125545711,3,157
"1731",125545713,3,54
"1732",125579632,1,9
"1733",125710756,6,79
"1734",125710757,1,18
"1735",125710759,1,7
"1736",126031415,3,3
"1737",126031416,3,5
"1738",126031421,9,134
"1739",126031424,7,362
"1740",126502559,16,264
"1741",126502564,11,373
"1742",126568160,1,3
"1743",126568161,1,1
"1744",128131494,20,385
"1745",128131495,18,2547
"1746",128131496,5,145
"1747",128133836,6,150
"1748",128244780,11,181
"1749",128245297,57,2429
"1750",128245298,49,178
"1751",128245299,5,19
"1752",128245300,3,7
"1753",128245796,3,33
"1754",128245797,11,30
"1755",128246659,5,47
"1756",128246660,6,111
"1757",128246785,1,1
"1758",128362569,4,11
"1759",128362570,4,250
"1760",128363655,11,424
"1761",128363656,5,45
"1762",128363657,14,263
"1763",128363658,35,2236
"1764",128363659,10,245
"1765",128363660,5,69
"1766",128363661,15,126
"1767",128432081,3,27
"1768",128463452,30,806
"1769",128635022,4,43
"1770",128823187,2,28
"1771",128823188,2,59
"1772",128823189,10,239
"1773",128825637,10,670
"1774",128825638,27,623
"1775",128825640,13,342
"1776",128825641,26,1675
"1777",128825643,20,386
"1778",128828529,4,11
"1779",128828530,3,56
"1780",130666508,8,82
"1781",131468673,2,35
"1782",132854387,1,14
"1783",132854551,5,45
"1784",132854916,1,31
"1785",132855252,3,26
"1786",133659510,2,85
"1787",135411080,16,202
"1788",135411081,14,224
"1789",135411468,22,1577
"1790",135411469,9,56
"1791",139449001,2,39
"1792",139465327,1,17
"1793",139465331,2,12
"1794",140054045,62,511
"1795",140758917,2,39
"1796",140758918,1,34
"1797",141434567,2,5
"1798",141434568,2,23
"1799",141434570,1,9
"1800",141434579,2,96
"1801",141434581,1,1
"1802",141434589,1,13
"1803",141434595,1,2
"1804",141434597,1,14
"1805",141434617,1,42
"1806",141434643,1,13
"1807",141434645,1,2
"1808",141434647,1,6
"1809",141434666,1,31
"1810",141434669,1,17
"1811",141434685,1,1
"1812",141434691,1,1
"1813",141434693,1,2
"1814",141434715,1,4
"1815",141434748,1,16
"1816",141434751,1,1
"1817",141434753,1,2
"1818",141434774,1,12
"1819",141435064,1,18
"1820",141435069,1,8
"1821",141435072,1,56
"1822",141435079,1,8
"1823",141435080,17,872
"1824",141435095,1,5
"1825",141435097,2,7
"1826",141435117,1,9
"1827",141435126,4,47
"1828",141435152,1,7
"1829",141435156,1,7
"1830",141435193,15,351
"1831",141435200,1,4
"1832",141435227,1,11
"1833",141435242,17,996
"1834",141444180,1,64
"1835",141444282,1,5
"1836",141472577,1,23
"1837",141475041,1,32
"1838",141475042,4,25
"1839",141475043,4,198
"1840",141476900,61,1117
"1841",141694626,1,63
"1842",141694831,1,17
"1843",142213956,7,211
"1844",142214758,3,377
"1845",142214759,8,185
"1846",142214763,2,335
"1847",142483675,1,2
"1848",142698134,2,83
"1849",142698141,3,102
"1850",142698144,6,1468
"1851",142698147,1,21
"1852",142698156,6,72
"1853",142698171,1,37
"1854",142698172,1,34
"1855",142698177,1,2
"1856",142698180,1,28
"1857",142698182,2,19
"1858",142698183,2,106
"1859",142699176,1,20
"1860",142699185,9,60
"1861",142699186,10,139
"1862",142699187,2,13
"1863",143633349,2,16
"1864",146186757,6,7
"1865",149939905,5,68
"1866",149939906,5,375
"1867",149939907,3,55
"1868",149942557,2,2
"1869",149942560,2,14
"1870",149942561,3,21
"1871",151767668,1,29
"1872",151767669,3,261
"1873",151767671,3,15
"1874",151767673,1,7
"1875",151767675,4,134
"1876",152189731,4,37
"1877",152618120,2,47
"1878",152618130,3,18
"1879",152651602,1,5
"1880",152988023,24,145
"1881",153804025,3,3
"1882",153804027,3,3
"1883",153804028,1,46
"1884",154505299,8,163
"1885",154515189,1,47
"1886",154515191,1,1
"1887",154994279,2,15
"1888",156208916,1,22
"1889",156208919,11,99
"1890",156209004,11,174
"1891",156209009,8,242
"1892",156211618,53,1552
"1893",156211619,10,107
"1894",156211620,20,177
"1895",156240030,2,15
"1896",156504637,2,36
"1897",156504646,3,21
"1898",156504653,2,10
"1899",156504655,1,6
"1900",156504657,1,4
"1901",156504757,23,46
"1902",156504790,25,84
"1903",156504794,3,17
"1904",156504798,1,1
"1905",156504810,25,272
"1906",157156090,2,46
"1907",157160144,5,206
"1908",157295454,2,16
"1909",157415812,1,58
"1910",158900209,4,15
"1911",158906049,3,103
"1912",158910667,1,30
"1913",159752061,1,110
"1914",159959889,19,715
"1915",159959890,39,244
"1916",159959891,30,1521
"1917",159959892,14,600
"1918",160199085,2,47
"1919",160379534,5,1080
"1920",160379536,4,236
"1921",160379537,17,7948
"1922",160379543,23,351
"1923",160379545,1,3
"1924",160379547,1,25
"1925",160503594,1,6
"1926",160503595,5,66
"1927",160503623,1,1
"1928",160503631,32,993
"1929",160503646,2,100
"1930",160503728,1,18
"1931",160503737,5,48
"1932",160503740,3,29
"1933",160503745,2,2
"1934",160503757,4,6
"1935",160503761,1,1
"1936",160503763,6,26
"1937",160503764,8,80
"1938",160503767,10,68
"1939",160503771,1,2
"1940",160503772,2,2
"1941",160503774,2,2
"1942",160503776,5,114
"1943",160503777,1,1
"1944",160503784,7,25
"1945",160503793,3,24
"1946",160503796,2,2
"1947",160503800,2,4
"1948",160503802,1,1
"1949",160503804,8,63
"1950",160503805,1,1
"1951",160503807,1,270
"1952",160503808,12,149
"1953",160503813,9,18
"1954",160503816,1,6
"1955",160503821,1,74
"1956",160503831,1,1
"1957",160503855,3,81
"1958",160503856,1,1
"1959",160503858,6,20
"1960",160503859,2,21
"1961",160503861,3,23
"1962",160503865,7,711
"1963",160503870,7,103
"1964",160503878,4,396
"1965",160503891,3,70
"1966",160503892,1,1
"1967",160503895,2,274
"1968",160503901,5,79
"1969",160503910,1,1
"1970",160503916,1,45
"1971",160503923,1,8
"1972",161123863,25,317
"1973",161123864,17,113
"1974",161123865,46,1033
"1975",161123871,19,30
"1976",161123872,20,51
"1977",161123874,39,1117
"1978",161123876,20,71
"1979",161123877,20,297
"1980",161123890,1,9
"1981",161123892,1,20
"1982",161123893,6,51
"1983",161123894,2,10
"1984",161123897,4,4
"1985",161123898,9,47
"1986",161123899,1,2
"1987",161123900,1,2
"1988",161123901,1,1
"1989",161123906,21,58
"1990",161123907,22,1256
"1991",161123908,3,28
"1992",161123909,3,17
"1993",161123915,7,60
"1994",161123997,50,1899
"1995",161123999,3,14
"1996",161124006,2,222
"1997",161124016,2,10
"1998",161124025,36,220
"1999",161124051,2,2
"2000",161124058,25,31
"2001",161124067,27,34
"2002",161124068,1,3
"2003",161124070,2,21
"2004",161124074,7,357
"2005",161124090,13,24
"2006",161124092,2,5
"2007",161124105,1,1
"2008",161124118,3,44
"2009",161124119,1,3
"2010",161124122,1,2
"2011",161124123,3,12
"2012",161124126,9,71
"2013",161124128,1,1
"2014",161124132,1,1
"2015",161124135,11,25
"2016",161124140,1,1
"2017",161124141,1,32
"2018",161124143,4,99
"2019",161124147,1,1
"2020",161124149,1,6
"2021",161124151,14,93
"2022",161124156,2,4
"2023",161124158,10,52
"2024",161124159,6,14
"2025",161124160,26,52
"2026",161124163,4,10
"2027",161124167,14,63
"2028",161124169,1,3
"2029",161124170,14,32
"2030",161124172,11,38
"2031",161124173,1,2
"2032",161124178,2,4
"2033",161124179,10,37
"2034",161124182,15,140
"2035",161124188,8,18
"2036",161124194,1,4
"2037",161124200,6,46
"2038",161124202,2,7
"2039",161124205,1,1
"2040",161124209,1,1
"2041",161124211,1,55
"2042",161124214,1,46
"2043",161124218,21,240
"2044",161124219,21,114
"2045",161124220,3,12
"2046",161124229,1,11
"2047",161124230,4,19
"2048",161124233,13,85
"2049",161124236,3,14
"2050",161124237,1,185
"2051",161124241,1,118
"2052",161124244,8,78
"2053",161124245,5,297
"2054",161124246,34,501
"2055",161124247,14,35
"2056",161124250,1,1
"2057",161124251,21,72
"2058",161124262,2,3
"2059",161124264,15,540
"2060",161124265,1,10
"2061",161124268,6,29
"2062",161124270,1,12
"2063",161124272,7,238
"2064",161124274,2,70
"2065",161124276,6,138
"2066",161124283,1,1
"2067",161124284,25,534
"2068",161124285,2,81
"2069",161124287,4,81
"2070",161124288,2,19
"2071",161124291,2,3
"2072",161124294,9,75
"2073",161124296,3,10
"2074",162102324,2,291
"2075",162102325,5,626
"2076",165052096,1,4
"2077",165660759,22,845
"2078",166972992,41,3449
"2079",166972993,27,92
"2080",166973017,62,3479
"2081",166973018,38,1265
"2082",167012773,1,15
"2083",167012774,4,100
"2084",167012775,20,365
"2085",167012776,2,30
"2086",167014506,3,18
"2087",167014898,1,1
"2088",167014901,1,1
"2089",167057944,2,2
"2090",167487325,1,2
"2091",167487326,12,343
"2092",167487327,11,296
"2093",167487335,2,28
"2094",167487340,3,16
"2095",167487341,5,89
"2096",167487342,3,29
"2097",167487343,6,47
"2098",167487346,6,20
"2099",167487350,1,9
"2100",167487352,1,7
"2101",167487354,3,119
"2102",167487355,1,7
"2103",167487356,11,392
"2104",167487357,63,1909
"2105",167487358,7,29
"2106",167487359,6,31
"2107",167487361,9,46
"2108",167487362,24,2411
"2109",167487363,30,594
"2110",167487364,29,829
"2111",167487365,3,10
"2112",167487366,1,31
"2113",167487367,2,10
"2114",167487368,1,1
"2115",167487370,54,677
"2116",167487371,22,309
"2117",167487372,46,797
"2118",167487373,2,8
"2119",167487374,2,6
"2120",167487377,4,138
"2121",167487378,12,379
"2122",167487379,18,35
"2123",167487380,2,15
"2124",167487382,3,19
"2125",167487383,5,339
"2126",167487384,10,120
"2127",167487385,9,343
"2128",167487388,8,171
"2129",167487390,3,29
"2130",167487394,1,5
"2131",167487395,1,1
"2132",167487398,2,92
"2133",167487401,1,1
"2134",167487406,3,3
"2135",167487416,3,4
"2136",167487423,2,2
"2137",167487434,1,1
"2138",167487441,9,9
"2139",167487447,1,4
"2140",167487460,2,8
"2141",167487468,3,103
"2142",167487473,2,6
"2143",167487479,6,21
"2144",167487481,10,20
"2145",167487492,3,9
"2146",167487498,1,13
"2147",167487502,1,29
"2148",167487505,6,270
"2149",167487506,1,40
"2150",167487510,5,30
"2151",167487526,3,5
"2152",167487529,7,128
"2153",167487531,19,1007
"2154",167487532,4,145
"2155",167487533,1,56
"2156",167487534,7,564
"2157",167487536,6,84
"2158",167487537,2,45
"2159",167487539,3,21
"2160",168970775,2,15
"2161",168970777,1,4
"2162",168970834,1,25
"2163",168970839,1,3
"2164",168970840,3,9
"2165",168970904,1,8
"2166",168970935,5,12
"2167",168970944,2,12
"2168",168970981,1,3
"2169",168970996,1,1
"2170",168970997,3,7
"2171",168971034,5,16
"2172",168971040,2,4
"2173",168971057,1,7
"2174",168971062,1,297
"2175",168971074,1,41
"2176",171944850,2,211
"2177",172889538,20,2795
"2178",172932225,9,745
"2179",172935953,2,1226
"2180",172956369,1,25
"2181",172956371,2,2
"2182",172956376,2,6
"2183",172956377,1,6
"2184",172956379,1,37
"2185",172956382,2,22
"2186",172956383,9,498
"2187",172956384,11,937
"2188",172956385,3,4
"2189",172956386,1,37
"2190",172956396,6,17
"2191",172956402,4,4
"2192",172956412,1,2
"2193",172956421,3,14
"2194",172956431,12,23
"2195",172956434,3,63
"2196",172956437,2,18
"2197",172956441,2,26
"2198",172956442,2,8
"2199",172956443,6,46
"2200",172956446,14,842
"2201",172956451,2,64
"2202",172956452,1,2
"2203",172956457,5,32
"2204",172956462,1,3
"2205",172956463,2,92
"2206",172956464,1,18
"2207",172956466,1,1
"2208",172956467,2,142
"2209",172956468,1,10
"2210",172956469,2,3
"2211",172956470,2,8
"2212",172956472,1,1
"2213",172956473,7,120
"2214",172956479,2,25
"2215",172956481,2,58
"2216",172956482,1,21
"2217",172956487,7,490
"2218",172956488,1,8
"2219",172956490,1,1
"2220",172956492,1,40
"2221",172956493,5,23
"2222",172956494,6,221
"2223",172956500,1,37
"2224",172956502,1,8
"2225",172956505,9,1422
"2226",172956509,2,12
"2227",172956511,1,7
"2228",172956512,2,31
"2229",172956513,1,11
"2230",172956514,2,28
"2231",172956515,5,29
"2232",172956518,3,148
"2233",172956520,4,199
"2234",172956522,5,98
"2235",172956524,1,17
"2236",172956525,2,7
"2237",172956527,2,32
"2238",172956528,6,138
"2239",172963168,2,16
"2240",172963169,10,238
"2241",172963170,2,29
"2242",172963172,1,2
"2243",172963173,1,1
"2244",172963174,1,1
"2245",172963176,4,5
"2246",172963690,3,26
"2247",172963691,4,15
"2248",173013103,73,8030
"2249",173013583,2,24
"2250",173014726,2,165
"2251",173072135,11,257
"2252",173072154,4,4
"2253",173072164,13,380
"2254",173072170,12,34
"2255",173072179,1,351
"2256",173155640,5,14
"2257",173155641,6,24
"2258",173155647,1,15
"2259",173184596,1,2
"2260",173184599,5,17
"2261",173184603,2,6
"2262",173184604,1,9
"2263",173184605,4,128
"2264",173184606,4,305
"2265",173372575,2,2
"2266",173372576,6,114
"2267",173372577,2,3
"2268",173372578,1,2
"2269",173372580,1,1
"2270",173372581,4,11
"2271",173372582,2,20
"2272",173372583,4,10
"2273",173372585,1,26
"2274",173372587,12,90
"2275",173372588,10,38
"2276",173372590,17,53
"2277",173372591,11,100
"2278",174689855,7,37
"2279",174689856,3,130
"2280",174689857,1,3
"2281",176070912,8,144
"2282",176070913,3,387
"2283",176070914,6,301
"2284",176070927,9,427
"2285",176070929,7,871
"2286",176134077,1,921
"2287",176943863,5,377
"2288",176944451,2,33
"2289",176958427,2,68
"2290",178413106,2,14
"2291",178413108,3,7
"2292",179890051,1,3
"2293",180004833,2,39
"2294",181590953,1,9
"2295",181592355,1,1
"2296",184562651,2,2
"2297",184562652,1,28
"2298",185013249,13,204
"2299",187314194,10,49
"2300",189312418,75,605
"2301",189312419,24,332
"2302",189908445,16,1077
"2303",189908446,182,10278
"2304",189908447,7,48
"2305",189908448,6,48
"2306",190128487,34,1589
"2307",190128490,36,546
"2308",190130383,8,25
"2309",190130385,2,10
"2310",190130388,5,204
"2311",190130392,2,58
"2312",190130393,1,1
"2313",190130394,1,3
"2314",190130395,1,10
"2315",190130397,10,194
"2316",190130399,1,11
"2317",191987944,21,183
"2318",193149514,47,476
"2319",194846393,4,173
"2320",194848300,1,35
"2321",194849406,2,140
"2322",195652230,1,220
"2323",195652231,1,2
"2324",195652232,2,18
"2325",195652234,19,634
"2326",195652236,1,2
"2327",195652240,1,49
"2328",195652241,1,31
"2329",195652243,2,61
"2330",195653648,1,12
"2331",196972617,1,14
"2332",197100020,7,48
"2333",197100437,1,51
"2334",197434949,6,78
"2335",197464423,3,186
"2336",197464424,12,150
"2337",198235291,14,490
"2338",198248589,11,379
"2339",198248907,2,8
"2340",198248908,2,47
"2341",198248909,2,11
"2342",198402459,5,127
"2343",198515579,1,3
"2344",198515581,1,6
"2345",198515632,4,38
"2346",199488827,11,1074
"2347",200072875,25,725
"2348",200205516,10,443
"2349",200207562,1,5
"2350",200207563,2,26
"2351",200493996,2,59
"2352",200835994,5,214
"2353",200836232,1,2
"2354",200836234,4,8
"2355",200836235,3,37
"2356",200967938,2,2
"2357",202382541,1,19
"2358",202388987,3,240
"2359",202388988,3,15
"2360",202832184,5,70
"2361",202834671,1,1
"2362",203776619,1,1
"2363",204656084,2,25
"2364",205600060,1,50
"2365",205638142,42,3077
"2366",205638144,67,2816
"2367",205638146,2,46
"2368",205638147,16,427
"2369",205638878,1,1
"2370",205638880,1,4
"2371",206328566,1,1
"2372",206328567,1,26
"2373",206328568,2,4
"2374",206328569,1,1
"2375",206328574,2,13
"2376",206328575,1,8
"2377",206384144,2,6
"2378",206384145,3,22
"2379",206384146,4,142
"2380",206540907,1,12
"2381",206558226,1,63
"2382",206558227,6,261
"2383",206558228,11,2278
"2384",206558236,4,120
"2385",206720845,21,1766
"2386",206720846,13,1679
"2387",206763650,3,17
"2388",206843929,58,759
"2389",206843931,92,1901
"2390",206867053,4,35
"2391",206867054,95,8756
"2392",206871908,2,31
"2393",206871911,3,3
"2394",207634486,11,82
"2395",207634487,14,963
"2396",207634488,6,364
"2397",207634489,2,14
"2398",207634491,3,7
"2399",207634492,48,1464
"2400",207634493,2,28
"2401",207634494,8,8
"2402",207634497,55,185
"2403",207634499,1,12
"2404",207634501,16,31
"2405",207634502,5,40
"2406",207634504,1,15
"2407",207634506,1,22
"2408",207634507,1,11
"2409",207634508,7,227
"2410",207634511,7,36
"2411",207634512,11,27
"2412",207634515,2,33
"2413",207634516,6,29
"2414",207634518,3,51
"2415",207634520,2,81
"2416",207634521,2,42
"2417",207634522,2,48
"2418",207634525,7,297
"2419",207634526,6,72
"2420",207634527,3,133
"2421",207634530,6,161
"2422",207719858,4,32
"2423",207719862,23,1076
"2424",207724048,1,12
"2425",207724051,9,698
"2426",207724055,3,248
"2427",207724059,23,657
"2428",207724062,3,10
"2429",207724065,3,53
"2430",207883914,10,178
"2431",207890057,1,1
"2432",207895266,1,111
"2433",207895267,1,1
"2434",207895268,1,14
"2435",207895271,2,17
"2436",207895272,3,4
"2437",207895911,3,17
"2438",207895912,1,1
"2439",207895913,2,5
"2440",208089956,1,38
"2441",208262837,338,33762
"2442",208263088,50,4251
"2443",208265320,122,13148
"2444",208580373,5,353
"2445",209081924,1,5
"2446",209436194,5,202
"2447",209436195,1,28
"2448",209436196,15,460
"2449",209436197,8,286
"2450",209436199,39,918
"2451",209436200,17,809
"2452",209440505,19,38
"2453",209442097,23,270
"2454",209442098,15,303
"2455",209442100,3,19
"2456",209444521,3,80
"2457",209444527,9,12
"2458",209444529,5,187
"2459",209537753,1,44
"2460",209537754,15,1062
"2461",209537755,1,144
"2462",209537756,1,1
"2463",209537758,4,73
"2464",209537759,1,15
"2465",209537760,2,1622
"2466",209537761,2,69
"2467",209537762,1,1
"2468",209537763,1,7
"2469",209537766,6,407
"2470",209633044,8,47
"2471",209633045,16,561
"2472",209633056,3,17
"2473",209633322,44,2052
"2474",209633323,39,510
"2475",210073247,1,1
"2476",210073257,2,7
"2477",210073258,3,13
"2478",210073259,16,470
"2479",210073281,2,9
"2480",210073293,2,48
"2481",210073297,1,30
"2482",210073300,1,52
"2483",210073302,1,78
"2484",210328137,4,147
"2485",210328147,1,17
"2486",210328149,26,1840
"2487",210336707,1,82
"2488",210346011,16,5012
"2489",210365854,1,1
"2490",210365855,2,3
"2491",210365858,7,247
"2492",210365861,1,1
"2493",210365864,1,2
"2494",210444158,8,40
"2495",210444160,1,1
"2496",210444161,2,2
"2497",210444168,1,1
"2498",210470734,2,142
"2499",210536645,1,1
"2500",210541437,2,237
"2501",210669782,6,18
"2502",210669783,53,283
"2503",210670424,46,1882
"2504",210670986,15,31
"2505",210670987,3,56
"2506",210670988,11,81
"2507",210670990,21,196
"2508",210673562,71,7441
"2509",210673563,15,775
"2510",210673564,23,56
"2511",210673565,57,1514
"2512",210673566,48,1086
"2513",210674289,11,25
"2514",210674290,14,94
"2515",210674292,3,24
"2516",210674294,7,525
"2517",210831460,17,376
"2518",210841125,7,116
"2519",210851328,4,220
"2520",211090184,1,31
"2521",211090186,1,96
"2522",211090188,1,41
"2523",211093054,3,115
"2524",211119459,10,129
"2525",211119460,2,2
"2526",211119461,14,86
"2527",211120097,2,42
"2528",211122347,8,213
"2529",211127713,1,1
"2530",211297734,1,1
"2531",211297737,1,1
"2532",211297742,2,24
"2533",211314340,4,409
"2534",211317178,1,11
"2535",211317179,11,61
"2536",211317181,13,459
"2537",211337863,1,3
"2538",211339122,59,1611
"2539",211339125,60,1778
"2540",211339126,34,655
"2541",211339127,48,1489
"2542",211339128,26,1253
"2543",211339129,22,485
"2544",211339130,7,198
"2545",211342283,23,809
"2546",211342284,7,72
"2547",211342286,12,20
"2548",211436103,31,1390
"2549",211482370,7,21
"2550",211483668,5,40
"2551",211561629,3,20
"2552",211561630,5,454
"2553",211561632,3,4
"2554",211561633,10,144
"2555",211561637,3,15
"2556",211561641,6,57
"2557",211641909,10,54
"2558",211641911,11,314
"2559",211656637,4,228
"2560",211659501,4,105
"2561",211905477,1,8
"2562",211924702,6,6
"2563",212706762,55,161
"2564",212706763,31,1037
"2565",212706766,40,1507
"2566",212708372,31,1264
"2567",212708373,59,686
"2568",212708374,66,1248
"2569",212708375,30,1033
"2570",212708376,3,45
"2571",212708425,73,2309
"2572",212710686,10,44
"2573",212710688,12,599
"2574",212710690,16,1577
"2575",212710692,19,591
"2576",212710695,6,84
"2577",212710696,33,990
"2578",212710699,4,34
"2579",212710701,14,117
"2580",212710702,32,503
"2581",212710703,46,865
"2582",212710704,11,268
"2583",212711374,22,379
"2584",212711375,62,3308
"2585",212711376,19,146
"2586",212711378,67,1846
"2587",212712362,9,84
"2588",212712363,13,102
"2589",213473435,7,10
"2590",213843081,2,2
"2591",213844486,1,8
"2592",213844487,1,9
"2593",213844488,1,1
"2594",213844489,2,121
"2595",213844492,1,12
"2596",213844501,4,143
"2597",213844503,1,9
"2598",213844510,1,52
"2599",213844523,1,424
"2600",213844527,1,11
"2601",213844541,2,23
"2602",213844543,1,1
"2603",213863899,1,4
"2604",213863900,1,44
"2605",213863901,2,102
"2606",213863906,2,148
"2607",213863909,1,2
"2608",215079215,8,8
"2609",215135703,1,30
"2610",215162241,5,337
"2611",215162242,16,79
"2612",215162243,20,92
"2613",215194131,7,233
"2614",215200349,26,551
"2615",215200352,3,31
"2616",215210562,2,208
"2617",215301975,3,353
"2618",215301977,7,565
"2619",215301979,5,10
"2620",215331280,17,135
"2621",215331281,23,2001
"2622",215331282,2,25
"2623",215331285,16,1353
"2624",215605435,3,16
"2625",215605436,2,32
"2626",215605437,2,11
"2627",215611423,6,158
"2628",216159806,3,75
"2629",216262193,2,8
"2630",216269248,11,842
"2631",216274195,1,53
"2632",216490935,5,1147
"2633",216732817,4,327
"2634",216732824,2,77
"2635",216891254,38,3394
"2636",216891255,3,66
"2637",216966282,5,7
"2638",216966283,17,274
"2639",216966774,1,1
"2640",216967045,9,1113
"2641",216967047,4,12
"2642",216967048,4,65
"2643",216969809,53,6446
"2644",216972146,17,387
"2645",216972581,15,508
"2646",216972801,20,333
"2647",216972802,39,331
"2648",216972804,30,1249
"2649",217313250,21,1754
"2650",217313251,2,9
"2651",217344337,28,1653
"2652",217628815,10,153
"2653",218012128,2,14
"2654",218012130,1,1045
"2655",218014836,1,1
"2656",218014837,1,105
"2657",218014929,2,2
"2658",218016617,1,62
"2659",218016619,2,25
"2660",218016621,1,3
"2661",218016622,1,3
"2662",218020117,10,12
"2663",218279465,2,417
"2664",218746673,1,27
"2665",218898765,2,2
"2666",218898767,9,86
"2667",218898768,18,632
"2668",218899246,3,39
"2669",219017464,1,1
"2670",219017465,1,1
"2671",219017466,1,1
"2672",219017467,1,1
"2673",219329564,1,2
"2674",219329567,10,150
"2675",219524197,2,30
"2676",219527966,10,130
"2677",219527967,18,400
"2678",219527968,67,4698
"2679",219527969,8,71
"2680",219527970,35,1239
"2681",219527971,9,12
"2682",219527972,10,42
"2683",219527973,10,10
"2684",219536349,1,11
"2685",219536350,36,362
"2686",219536494,18,499
"2687",219536498,44,450
"2688",219537531,211,1583
"2689",219537590,26,778
"2690",219537591,23,706
"2691",220137465,1,52
"2692",220137474,1,2
"2693",220137476,1,6
"2694",220137477,1,1
"2695",220137480,7,99
"2696",220232893,25,747
"2697",220233689,34,412
"2698",220233691,6,142
"2699",220233692,1,7
"2700",220234009,141,2727
"2701",220234010,153,4470
"2702",220234011,97,671
"2703",220234012,37,48
"2704",220819512,9,693
"2705",220819515,1,1
"2706",220819517,1,8
"2707",220819519,1,4
"2708",220821071,2,6
"2709",221013310,1,5
"2710",221369282,1,8
"2711",221684836,1,10
"2712",221684839,1,1
"2713",221905591,3,54
"2714",221905592,3,61
"2715",222884335,1,1
"2716",223053869,6,574
"2717",223279427,2,4
"2718",223279429,1,1
"2719",223279432,4,225
"2720",223279433,1,2
"2721",223279434,4,18
"2722",223287710,1,2
"2723",223287712,1,14
"2724",223287713,5,6
"2725",223287714,1,7
"2726",223287716,1,1
"2727",223287717,62,3389
"2728",223287718,1,5
"2729",223287719,7,9
"2730",223287720,6,16
"2731",223288609,29,37
"2732",223288611,26,30
"2733",223288612,30,160
"2734",223288613,31,565
"2735",223288614,13,209
"2736",223290875,48,1034
"2737",223291866,5,406
"2738",223291867,2,8
"2739",223291868,8,10
"2740",223291869,2,4
"2741",223291871,2,7
"2742",223291872,1,2
"2743",223291873,1,2
"2744",223291874,3,87
"2745",223292705,4,8
"2746",224637998,9,17
"2747",224637999,25,485
"2748",224644388,9,131
"2749",224644389,5,103
"2750",224644390,16,415
"2751",224644391,9,901
"2752",224644392,19,404
"2753",224644812,5,65
"2754",224644813,21,1023
"2755",224644814,13,351
"2756",224644815,4,172
"2757",224644816,4,81
"2758",224644819,26,4883
"2759",224644820,21,430
"2760",224645476,11,731
"2761",224645479,3,33
"2762",224645482,15,1142
"2763",224645485,4,167
"2764",224645489,5,17
"2765",224645842,1,4
"2766",224645843,1,42
"2767",224645845,1,1
"2768",224645847,1,6
"2769",224646231,11,80
"2770",224646232,24,1238
"2771",224646233,24,1634
"2772",224647868,20,947
"2773",224648421,17,667
"2774",224649277,2,4
"2775",224649278,11,316
"2776",224649279,10,1332
"2777",224649280,3,17
"2778",224649281,16,528
"2779",224649282,1,25
"2780",224649283,2,5
"2781",224649284,21,1363
"2782",224649285,6,437
"2783",224649286,1,10
"2784",224649287,12,2414
"2785",224649289,4,48
"2786",224649290,13,186
"2787",224649292,22,113
"2788",224649293,2,3
"2789",224747285,9,578
"2790",224749647,5,1237
"2791",224854242,3,140
"2792",226059853,7,77
"2793",226083083,7,93
"2794",226083293,4,16
"2795",226083294,7,95
"2796",226452170,1,9
"2797",226624856,3,47
"2798",226646469,1,2
"2799",226731899,1,2
"2800",226860566,4,157
"2801",226879097,3,13
"2802",226908041,6,178
"2803",226908049,15,163
"2804",226909939,2,61
"2805",227231935,3,9
"2806",227573433,3,3
"2807",227574865,2,66
"2808",227574867,16,529
"2809",227716469,3,198
"2810",227716476,1,4
"2811",227888232,1,19
"2812",227888235,1,13
"2813",227888631,5,46
"2814",227932388,1,2
"2815",227932391,1,94
"2816",227932399,1,1
"2817",227980132,2,2
"2818",227982906,8,923
"2819",228569586,12,123
"2820",228569587,11,168
"2821",228569588,16,750
"2822",228569801,6,428
"2823",228657552,43,466
"2824",228894146,1,37
"2825",228926086,1,7
"2826",228926087,1,13
"2827",228926088,1,27
"2828",228926091,1,31
"2829",229184974,3,36
"2830",229194693,19,359
"2831",229784702,6,28
"2832",229784704,5,681
"2833",229784705,2,112
"2834",229784709,3,93
"2835",229784712,2,41
"2836",229784713,3,18
"2837",229784714,1,51
"2838",229784715,7,34
"2839",229784716,4,42
"2840",229802211,10,34
"2841",229816562,4,45
"2842",229817535,3,14
"2843",229818921,16,153
"2844",231348277,1,2
"2845",231348357,1,12
"2846",232445174,65,1467
"2847",232445175,48,3081
"2848",232482827,1,6
"2849",232574615,3,20
"2850",232574617,5,10
"2851",232574618,4,14
"2852",232574619,3,5
"2853",232574620,8,136
"2854",232574622,22,126
"2855",232574624,26,101
"2856",232574625,4,47
"2857",232671695,1,7
"2858",232671696,3,299
"2859",232671697,1,11
"2860",232674530,7,92
"2861",233006425,8,356
"2862",233055818,1,422
"2863",233098267,3,35
"2864",233291398,18,2245
"2865",233688631,4,16
"2866",233688632,1,1
"2867",233688633,1,12
"2868",233688634,5,21
"2869",233688635,3,182
"2870",233688640,2,13
"2871",233688643,2,15
"2872",233688644,2,7
"2873",233784762,1,15
"2874",233784764,9,15
"2875",233784770,1,3
"2876",233784774,2,33
"2877",233784783,6,6
"2878",233784790,21,23
"2879",233883392,33,471
"2880",233883393,26,74
"2881",233883394,27,402
"2882",233883395,32,86
"2883",236802883,6,2282
"2884",236802887,2,359
"2885",236978557,1,12
"2886",237532599,1,21
"2887",238249552,25,526
"2888",238249553,21,100
"2889",238249554,25,2042
"2890",238249556,10,593
"2891",238829172,2,12
"2892",238829173,1,2
"2893",238831062,1,6
"2894",238831761,1,1
"2895",238872916,25,1550
"2896",238912242,8,717
"2897",239593895,25,521
"2898",239593896,5,841
"2899",239593897,3,16
"2900",240124255,5,5
"2901",240124256,2,3
"2902",240124257,8,1117
"2903",240126041,4,30
"2904",240126042,4,184
"2905",240126043,2,20
"2906",240126044,4,4
"2907",240672965,9,20
"2908",240672966,10,21
"2909",240884741,30,1637
"2910",240884742,4,11
"2911",240884743,1,1
"2912",240884745,6,235
"2913",240886294,3,3
"2914",240887999,6,96
"2915",240888000,7,92
"2916",240990100,11,231
"2917",240990101,6,37
"2918",241284062,6,113
"2919",241284063,1,9
"2920",241364281,49,118
"2921",241364282,138,314
"2922",241364283,46,176
"2923",241364284,23,79
"2924",241364285,24,154
"2925",241364286,76,734
"2926",241364287,42,2303
"2927",243807211,1,287
"2928",244346541,1,27
"2929",244396336,3,235
"2930",244408625,7,734
"2931",244409369,8,2301
"2932",244457582,7,1372
"2933",244457584,2,547
"2934",244563847,3,1223
"2935",246607633,1,1
"2936",246607749,1,21
"2937",250949164,15,1014
"2938",250949165,18,730
"2939",250949166,33,1779
"2940",250949167,43,948
"2941",251256098,45,2865
"2942",251256099,36,68
"2943",251256100,4,25
"2944",251256102,30,3080
"2945",251257482,11,788
"2946",251257484,3,93
"2947",251257485,15,1528
"2948",251257487,1,5
"2949",251257491,20,353
"2950",251257493,5,193
"2951",251257494,13,24
"2952",251257495,15,382
"2953",251257499,17,79
"2954",251257500,1,25
"2955",251257501,4,66
"2956",251257503,4,4
"2957",251257505,1,67
"2958",251257508,4,5
"2959",251257511,11,114
"2960",251257655,4,75
"2961",252061999,1,25
"2962",252062019,1,43
"2963",252251132,12,310
"2964",252253611,11,42
"2965",252253615,1,42
"2966",252254138,10,44
"2967",252255462,2,16
"2968",252255465,2,10
"2969",252255469,3,181
"2970",252255481,2,23
"2971",252302583,2,84
"2972",252333763,16,170
"2973",252338680,1,7
"2974",252338683,34,242
"2975",252338684,1,1
"2976",252339799,2,68
"2977",252339995,45,4749
"2978",252496931,4,51
"2979",252498675,1,13
"2980",252505455,1,1
"2981",252516370,1,1
"2982",252516522,3,134
"2983",252518642,12,91
"2984",252518644,10,810
"2985",252518836,7,589
"2986",252519111,4,22
"2987",252519361,2,2
"2988",252523965,59,7190
"2989",252525258,21,1555
"2990",252525261,30,1096
"2991",252525262,27,714
"2992",252526132,35,2499
"2993",252526950,11,1542
"2994",252526951,18,1145
"2995",252526952,4,459
"2996",252526954,16,361
"2997",252526955,1,2
"2998",252527740,4,130
"2999",252529844,3,3
"3000",252542573,6,9
"3001",252543081,11,504
"3002",252543082,6,116
"3003",252543085,5,208
"3004",252543334,19,132
"3005",252543336,1,4
"3006",252543604,2,10
"3007",252543753,2,134
"3008",252543837,12,917
"3009",253026351,5,97
"3010",253026354,67,2324
"3011",253026357,2,28
"3012",253715981,1,9
"3013",253715982,7,68
"3014",253715987,1,3
"3015",254724123,1,11
"3016",255778742,5,493
"3017",255778743,7,686
"3018",256165013,4,69
"3019",256249046,5,400
"3020",256249047,4,35
"3021",256277806,5,337
"3022",256283186,1,40
"3023",256421288,1,12
"3024",256422384,1,23
"3025",256605509,61,1920
"3026",256605510,67,1900
"3027",256605511,67,1282
"3028",258205599,3,17
"3029",258205600,3,13
"3030",258205601,7,88
"3031",258206486,4,43
"3032",258206487,4,59
"3033",258206488,9,434
"3034",258206490,8,92
"3035",258215255,8,20
"3036",258215258,1,13
"3037",258215259,1,1
"3038",258215759,6,39
"3039",258220293,2,55
"3040",258220304,1,25
"3041",258220537,4,9
"3042",258220539,8,33
"3043",258220541,3,20
"3044",258359675,2,8
"3045",258359677,4,5
"3046",258359678,4,10
"3047",258359679,5,64
"3048",258359681,2,48
"3049",258387610,1,1
"3050",258387612,1,8
"3051",258387614,2,4
"3052",258559409,3,304
"3053",258749767,2,103
"3054",258750431,4,312
"3055",258750432,11,2261
"3056",258853578,7,247
"3057",258853579,23,726
"3058",258853580,34,545
"3059",258853581,27,1148
"3060",258877281,1,1
"3061",258877282,1,1
"3062",258877283,1,1
"3063",258888773,8,40
"3064",258915958,2,7
"3065",258915959,3,36
"3066",258915960,2,53
"3067",258915961,3,46
"3068",258916271,3,83
"3069",259656045,2,11
"3070",259888928,24,770
"3071",261119612,1,37
"3072",261551857,2,3
"3073",261551859,5,221
"3074",261556129,1,1
"3075",261739719,2,2
"3076",261739720,2,116
"3077",261980635,1,40
"3078",261980636,1,70
"3079",261980637,1,18
"3080",261980639,3,98
"3081",261980641,2,29
"3082",261980644,5,5
"3083",262150132,1,7
"3084",262150134,1,32
"3085",262258885,2,17
"3086",262474849,14,1576
"3087",262579556,15,29
"3088",262579557,15,15
"3089",262580849,2,53
"3090",262616020,15,60
"3091",262617734,1,1250
"3092",262623002,9,9
"3093",262623003,16,33
"3094",262797434,16,1577
"3095",263330569,3,152
"3096",263330570,4,82
"3097",263330571,1,43
"3098",263330573,7,510
"3099",263330574,3,35
"3100",263330575,3,184
"3101",263330686,8,41
"3102",265752880,1,6
"3103",265752882,2,5
"3104",267026311,2,115
"3105",269856842,1,25
"3106",270443012,1,1
"3107",270443014,3,103
"3108",274187613,6,256
"3109",274187615,5,38
"3110",274187617,2,29
"3111",274187618,1,7
"3112",274467054,1,246
"3113",274894722,1,20
"3114",278570711,1,52
"3115",278570718,4,274
"3116",280106443,1,1
"3117",280570944,24,179
"3118",280570945,4,51
"3119",280570946,68,10117
"3120",280570948,33,98
"3121",280576148,3,23
"3122",280966568,1,124
"3123",280966569,1,45
"3124",280966571,2,16
"3125",281224991,12,26
"3126",283425598,2,167
"3127",283529432,4,60
"3128",283529762,3,12
"3129",283529970,3,148
"3130",283529971,3,55
"3131",284336240,28,1270
"3132",284770886,5,295
"3133",284770887,12,1145
"3134",284775782,3,3
"3135",284775785,4,11
"3136",284775786,4,7
"3137",285944901,2,86
"3138",286006222,1,2
"3139",286085489,143,549
"3140",286085490,27,1972
"3141",286754358,1,59
"3142",286754361,1,17
"3143",286782663,1,23
"3144",287418686,4,298
"3145",287418687,1,69
"3146",287418688,6,199
"3147",287648900,100,2212
"3148",289164308,3,3
"3149",289165980,3,55
"3150",290230303,1,22
"3151",290230304,1,10
"3152",290446564,1,10
"3153",290580546,2,20
"3154",290586123,1,1
"3155",290586125,1,13
"3156",291772347,4,110
"3157",291772348,1,3
"3158",292119381,11,44
"3159",293486948,2,283
"3160",298568012,1,14
"3161",298577597,5,17
"3162",298838091,3,181
"3163",298838237,1,257
"3164",304680070,49,798
"3165",304680071,2,325
"3166",304680072,34,792
"3167",304680073,1,1
"3168",304680074,29,491
"3169",304680075,8,54
"3170",304682487,4,296
"3171",304684297,29,717
"3172",304684301,1,279
"3173",304684302,8,462
"3174",304688472,17,42
"3175",304688473,5,207
"3176",304688477,12,528
"3177",304688479,1,3
"3178",304688480,10,236
"3179",304688481,6,84
"3180",304688482,2,2
"3181",304690306,19,457
"3182",304690307,6,155
"3183",304693636,5,40
"3184",304693637,4,79
"3185",304693638,10,261
"3186",304693639,77,112
"3187",306059688,4,17
"3188",306059690,1,1
"3189",306059692,2,12
"3190",306780234,4,125
"3191",306780458,4,45
"3192",307090815,1,1
"3193",307166758,2,9
"3194",307804459,19,797
"3195",307804460,5,7
"3196",307804461,33,488
"3197",308678900,5,21
"3198",308678901,4,10
"3199",308678904,5,35
"3200",308678907,3,33
"3201",308678909,15,512
"3202",308678910,13,43
"3203",308678911,5,23
"3204",308678914,5,68
"3205",308678916,18,95
"3206",308678918,2,20
"3207",308678919,35,180
"3208",308678920,30,1018
"3209",308678922,3,8
"3210",308678923,15,106
"3211",308678924,5,11
"3212",308678927,2,2
"3213",308678930,30,533
"3214",308678932,1,2
"3215",308678933,4,56
"3216",308678934,3,54
"3217",308678935,2,43
"3218",308678936,36,699
"3219",308678937,1,5
"3220",308728619,1,3
"3221",308728620,3,14
"3222",308771431,2,2
"3223",308771432,2,2
"3224",309137436,2,60
"3225",309137439,2,12
"3226",309137441,3,126
"3227",309425930,18,595
"3228",309550975,2,49
"3229",309550976,15,145
"3230",309609103,3,50
"3231",309609104,2,3
"3232",309609105,3,143
"3233",309613709,2,42
"3234",309613710,2,80
"3235",309613711,3,28
"3236",309613712,4,53
"3237",309983298,14,118
"3238",309983299,17,791
"3239",310746310,5,124
"3240",310786269,2,11
"3241",311110184,1,16
"3242",311110366,4,39
"3243",311110541,2,16
"3244",311110617,4,495
"3245",311111497,2,2
"3246",311111572,1,1
"3247",311272093,1,1
"3248",311272094,2,105
"3249",311277093,1,18
"3250",311277103,1,4
"3251",311394889,2,4
"3252",311394892,1,2
"3253",311394893,17,1196
"3254",311394895,10,248
"3255",313477160,2,40
"3256",314026522,10,12
"3257",316459169,307,25653
"3258",316879354,1,1
"3259",316879355,2,3
"3260",316879358,1,25
"3261",316879359,2,6
"3262",316879360,3,80
"3263",316879364,1,17
"3264",316879366,1,7
"3265",316966747,3,85
"3266",316967084,11,326
"3267",316967086,10,47
"3268",317444873,5,31
"3269",317448499,2,76
"3270",317448502,2,493
"3271",317452390,1,2
"3272",317452396,3,6
"3273",317808828,1,1
"3274",317808836,2,9
"3275",317811024,1,6
"3276",318698145,10,34
"3277",318698146,8,94
"3278",318698147,3,137
"3279",318698153,2,2
"3280",318698158,3,1057
"3281",318698166,4,7
"3282",318745009,17,20
"3283",321496803,5,249
"3284",321496804,8,34
"3285",321507690,8,162
"3286",326594065,13,1412
"3287",326594066,1,1
"3288",326594074,2,583
"3289",326594099,3,11
"3290",326594100,1,55
"3291",326594102,13,137
"3292",327003194,1,61
"3293",327439257,11,289
"3294",328996897,1,1
"3295",330586900,1,69
"3296",331119817,2,11
"3297",331313322,4,33
"3298",331655265,1,238
"3299",332053082,3,24
"3300",332154471,4,70
"3301",332154474,3,72
"3302",332154477,2,70
"3303",332179488,1,2
"3304",332348133,8,8
"3305",332348178,13,91
"3306",332348179,1,4
"3307",332348180,10,60
"3308",332348214,1,2
"3309",332348231,1,6
"3310",332348235,3,83
"3311",332479847,1,67
"3312",332479850,7,23
"3313",332479851,4,15
"3314",332479931,3,10
"3315",332479932,4,201
"3316",332479937,1,27
"3317",332680955,10,110
"3318",332680959,10,28
"3319",332760578,3,538
"3320",332760598,1,61
"3321",332760603,1,21
"3322",332760640,1,1
"3323",332760664,1,47
"3324",332760665,1,1
"3325",332760669,2,45
"3326",332930864,37,805
"3327",332930932,1,1
"3328",332930933,2,4
"3329",332930936,2,2
"3330",332930937,1,1
"3331",336758567,13,432
"3332",337165204,3,128
"3333",338314207,3,377
"3334",342355806,1,5
"3335",342382077,3,54
"3336",342611406,1,5
"3337",342611407,1,45
"3338",342836042,6,223
"3339",345212821,5,91
"3340",345566829,70,1051
"3341",345566831,73,293
"3342",345566832,4,94
"3343",345566834,26,328
"3344",345573793,10,229
"3345",345573794,3,7
"3346",345573795,6,45
"3347",345573796,2,26
"3348",345574066,4,18
"3349",345574067,5,40
"3350",345574068,6,104
"3351",345752619,4,29
"3352",346654346,2,20
"3353",346992934,8,706
"3354",346993984,21,1709
"3355",347743211,10,48
"3356",348446383,9,41
"3357",348446384,6,14
"3358",349355993,1,60
"3359",349599164,4,102
"3360",349620089,21,78
"3361",349620090,12,633
"3362",349620091,15,994
"3363",349620093,11,524
"3364",349620094,2,384
"3365",349620095,3,229
"3366",349620097,9,180
"3367",349643787,54,3529
"3368",349643887,58,281
"3369",349643889,41,571
"3370",349643891,8,30
"3371",349643894,8,34
"3372",349643896,7,56
"3373",349643898,6,28
"3374",349643961,18,1304
"3375",349643964,26,1364
"3376",350915445,1,240
"3377",350915450,8,675
"3378",350937021,1,12
"3379",351255844,39,624
"3380",351255845,23,236
"3381",351255846,18,110
"3382",351255868,2,13
"3383",351255870,1,3
"3384",351255892,5,85
"3385",351255893,1,8
"3386",351255894,1,4
"3387",351255906,3,261
"3388",351255907,3,395
"3389",351255908,1,38
"3390",351255909,3,87
"3391",351258164,3,44
"3392",351525651,41,1831
"3393",351525652,61,2151
"3394",351525654,32,1002
"3395",351525659,14,71
"3396",351525660,7,13
"3397",351525662,46,819
"3398",351525663,39,312
"3399",351525665,11,38
"3400",351525669,37,825
"3401",351525670,38,542
"3402",351525672,29,427
"3403",351525673,11,195
"3404",351525675,53,7171
"3405",351525676,48,3374
"3406",351525677,43,2024
"3407",351525678,1,10
"3408",351525679,18,437
"3409",351525680,1,1
"3410",351525683,4,7
"3411",351525684,3,3
"3412",351525685,2,2
"3413",351525686,1,1
"3414",351525693,74,11717
"3415",351525694,4,70
"3416",351525696,4,67
"3417",351525704,12,96
"3418",351525716,10,82
"3419",351525718,22,257
"3420",351525727,2,56
"3421",351525728,1,15
"3422",351525729,18,246
"3423",351525734,17,60
"3424",351525736,1,55
"3425",351525738,22,176
"3426",351525741,18,109
"3427",351525742,10,102
"3428",351525744,15,361
"3429",351525748,4,343
"3430",351525749,10,52
"3431",351525751,4,72
"3432",351525760,6,107
"3433",351525763,25,3891
"3434",351525764,9,183
"3435",351525766,11,701
"3436",351525769,2,5
"3437",351525772,8,245
"3438",351525773,14,1425
"3439",351525777,2,50
"3440",351525780,11,1910
"3441",354951284,1,3
"3442",359839661,2,79
"3443",360893462,1,52
"3444",362138137,1,7
"3445",362138138,1,14
"3446",362138139,2,23
"3447",362636921,1,51
"3448",363961300,1,1
"3449",365315017,65,557
"3450",365315018,39,203
"3451",365315019,62,1060
"3452",365315020,65,1102
"3453",365407106,2,84
"3454",365436693,2,76
"3455",365461932,1,19
"3456",365609533,2,99
"3457",365609534,2,3
"3458",366594499,2,107
"3459",367461722,37,216
"3460",367461723,23,111
"3461",367461725,4,16
"3462",367461726,27,147
"3463",367464148,15,15
"3464",367477464,104,345
"3465",367477465,24,58
"3466",367477466,122,969
"3467",367477467,26,553
"3468",367477469,23,110
"3469",367477470,41,968
"3470",367477471,95,489
"3471",367477472,87,375
"3472",367477473,109,701
"3473",367477474,108,756
"3474",367477475,30,745
"3475",367477476,87,1197
"3476",367477477,13,442
"3477",367522279,119,257
"3478",368009832,6,6
"3479",369859479,3,100
"3480",369859485,1,19
"3481",369859489,4,49
"3482",369859491,5,36
"3483",369859493,2,24
"3484",369859494,6,47
"3485",370297653,7,44
"3486",370332314,3,10
"3487",370332316,3,145
"3488",370332320,13,1053
"3489",370332321,11,99
"3490",370332326,6,170
"3491",370332329,1,12
"3492",370332333,8,26
"3493",370332334,3,3
"3494",370332336,1,1
"3495",370332338,11,29
"3496",370332341,11,132
"3497",370332343,6,22
"3498",370334925,1,3
"3499",370334926,1,5
"3500",370334927,9,212
"3501",370626246,9,91
"3502",370626248,13,1928
"3503",370746969,3,279
"3504",371359867,1,22
"3505",371359868,1,57
"3506",371359869,1,1
"3507",371722642,2,635
"3508",372189594,1,60
"3509",374346167,5,270
"3510",374346168,15,592
"3511",374346169,5,220
"3512",374346171,3,55
"3513",374346173,3,22
"3514",376599038,6,30
"3515",376599040,7,115
"3516",376599042,7,39
"3517",376599074,9,334
"3518",379397896,3,4
"3519",381421886,1,1
"3520",381421887,2,4
"3521",381421888,2,10
"3522",381421889,2,21
"3523",381421893,1,1
"3524",381422000,2,5
"3525",381422008,1,3
"3526",381422010,2,7
"3527",381422012,3,4
"3528",381422016,1,2
"3529",381422018,4,55
"3530",381422021,2,3
"3531",381422025,1,1
"3532",381422048,2,79
"3533",381423537,2,2
"3534",381423719,1,9
"3535",381423765,1,3
"3536",381423809,1,17
"3537",381423967,2,24
"3538",385795770,11,563
"3539",385795791,5,129
"3540",386286203,3,5
"3541",386286205,5,811
"3542",386286206,9,595
"3543",386286207,1,36
"3544",386286208,7,71
"3545",386286209,2,6
"3546",386286210,39,484
"3547",386440056,2,4
"3548",386440058,7,87
"3549",386440172,8,199
"3550",386440303,1,1
"3551",386440314,1,44
"3552",386440317,2,12
"3553",386440367,1,1
"3554",386440377,2,23
"3555",386578485,48,289
"3556",386578486,11,62
"3557",386578487,7,108
"3558",386578516,47,87
"3559",386578574,2,53
"3560",386578577,1,1
"3561",386578584,26,276
"3562",386578590,7,180
"3563",388048413,4,15
"3564",388048416,2,18
"3565",388048417,5,56
"3566",390157767,38,227
"3567",390157770,62,315
"3568",390157776,65,246
"3569",390238877,1,38
"3570",391839883,8,21
"3571",391839888,2,76
"3572",391839889,3,4
"3573",391839892,2,6
"3574",391839893,2,2
"3575",391839894,1,3
"3576",391839895,4,6
"3577",391839896,9,283
"3578",391839898,3,17
"3579",391839899,1,55
"3580",391839900,2,2
"3581",391839901,4,8
"3582",391839902,1,1
"3583",391839908,2,63
"3584",391839909,2,20
"3585",391839910,4,70
"3586",391839911,2,29
"3587",394169424,5,21
"3588",394998026,3,401
"3589",396485358,2,57
"3590",397645644,1,41
"3591",397645645,1,4
"3592",397645646,1,5
"3593",397645659,1,25
"3594",398030856,150,446
"3595",398030857,90,800
"3596",398030858,79,263
"3597",398030859,43,503
"3598",398030860,12,68
"3599",398030861,89,242
"3600",398030862,67,509
"3601",398030863,61,723
"3602",398035550,43,370
"3603",398035553,85,5828
"3604",398558728,2,15
"3605",399781312,1,399
"3606",405228374,4,44
"3607",405228377,4,57
"3608",405228379,6,402
"3609",406682433,80,319
"3610",407752157,5,266
"3611",414649371,5,1013
"3612",415217109,1,1
"3613",415217113,1,5
"3614",415217115,1,21
"3615",415566516,59,541
"3616",417319815,2,13
"3617",417319820,3,13
"3618",417894143,1,22
"3619",417894147,3,3
"3620",417894157,2,8
"3621",417894160,5,39
"3622",417894162,1,1
"3623",418653868,22,777
"3624",419935503,8,50
"3625",419935504,12,28
"3626",420021609,17,81
"3627",420021610,24,135
"3628",420339891,26,2135
"3629",420455890,15,545
"3630",420455891,14,407
"3631",421305605,9,182
"3632",423429119,1,10
"3633",424745508,1,6
"3634",425318820,10,49
"3635",425318822,11,64
"3636",425318823,14,355
"3637",427967026,15,405
"3638",429123178,117,6352
"3639",429123179,88,4243
"3640",429123180,30,1291
"3641",429123181,7,209
"3642",430528809,86,1168
"3643",430528855,1,1
"3644",430528863,2,3
"3645",430528866,2,10
"3646",430528867,2,23
"3647",430528868,2,4
"3648",430528904,2,270
"3649",430528907,1,146
"3650",430528909,2,6
"3651",430528911,2,111
"3652",431062642,10,101
"3653",434857293,5,23
"3654",434860177,47,1497
"3655",434872534,24,259
"3656",434872537,14,510
"3657",434872538,28,55
"3658",434872539,33,685
"3659",434872540,5,5
"3660",434872541,6,186
"3661",434873567,17,277
"3662",434873568,45,672
"3663",434878389,47,3417
"3664",434878390,55,1986
"3665",434878391,15,377
"3666",434878392,79,4594
"3667",434878393,10,14
"3668",434878394,12,631
"3669",434878395,2,2
"3670",434878396,19,36
"3671",434878397,68,273
"3672",434878398,48,1144
"3673",434878399,7,178
"3674",434878400,7,269
"3675",434878401,12,635
"3676",434878402,25,266
"3677",434879915,19,667
"3678",434879916,11,98
"3679",434879917,27,712
"3680",434879918,12,274
"3681",434879919,50,2965
"3682",434879920,73,3078
"3683",434879921,11,384
"3684",434879922,12,162
"3685",434879924,17,130
"3686",434879925,50,385
"3687",434879926,22,1217
"3688",434882584,14,30
"3689",434882585,13,138
"3690",434882587,112,4733
"3691",434882592,34,862
"3692",434882601,27,447
"3693",434884634,17,85
"3694",434884635,8,72
"3695",434896883,47,111
"3696",434896884,34,219
"3697",434896885,8,33
"3698",434896886,8,34
"3699",434896887,24,707
"3700",434896888,51,299
"3701",434896889,32,86
"3702",434896890,30,90
"3703",434896891,2,2
"3704",434896892,11,42
"3705",434897740,13,145
"3706",434897741,17,66
"3707",434897742,2,10
"3708",434897743,21,82
"3709",434897744,19,36
"3710",434897745,15,90
"3711",434897746,4,21
"3712",434897747,27,197
"3713",434897748,20,72
"3714",434897749,19,33
"3715",434897750,1,3
"3716",434897751,2,9
"3717",434897752,8,61
"3718",440117023,46,219
"3719",440117025,3,12
"3720",440117112,4,63
"3721",440117120,1,1
"3722",440117121,1,11
"3723",440117125,3,4
"3724",440117133,1,31
"3725",440117135,1,6
"3726",440117139,12,50
"3727",440117147,1,9
"3728",440117149,5,361
"3729",440117158,1,5
"3730",440117160,1,19
"3731",440117163,2,35
"3732",440117164,21,4177
"3733",440117166,19,162
"3734",440117167,1,22
"3735",440117168,12,725
"3736",440117169,9,1133
"3737",440117181,1,2
"3738",440117184,3,4
"3739",440117187,1,7
"3740",440117189,1,56
"3741",440117194,1,20
"3742",440117197,2,46
"3743",440117199,2,94
"3744",440117201,1,7
"3745",440117203,1,10
"3746",440117206,1,88
"3747",440117209,2,15
"3748",440117212,1,1
"3749",440117213,1,11
"3750",440117214,25,620
"3751",440117215,2,2
"3752",440117216,1,1
"3753",440117217,1,1
"3754",440120460,2,305
"3755",440389514,12,53
"3756",440389515,29,52
"3757",440389516,33,80
"3758",440389517,81,1019
"3759",440389518,49,1645
"3760",440389519,46,293
"3761",440681022,23,777
"3762",440681025,47,3292
"3763",441629734,3,5
"3764",441677227,2,45
"3765",441677257,6,11
"3766",441677259,11,39
"3767",441677260,1,71
"3768",441677263,3,15
"3769",441677268,2,40
"3770",441685499,3,75
"3771",441685500,2,38
"3772",441685555,2,2
"3773",441685556,1,7
"3774",441685559,2,3
"3775",441685560,2,19
"3776",441685563,3,49
"3777",441685565,2,21
"3778",441685569,2,7
"3779",441685573,2,7
"3780",441685574,1,24
"3781",441685576,2,31
"3782",441685577,1,18
"3783",441685578,3,13
"3784",441702408,5,27
"3785",441811512,1,8
"3786",441811712,1,10
"3787",441811753,1,19
"3788",441811768,1,38
"3789",441811786,1,2
"3790",441811794,1,21
"3791",443639195,1,7
"3792",443639196,1,5
"3793",443639197,1,4
"3794",443639210,2,86
"3795",443789659,1,1
"3796",443789661,2,53
"3797",444069160,2,36
"3798",444069190,8,104
"3799",444069195,1,12
"3800",444769185,1,170
"3801",445883071,4,7
"3802",446116945,1,1
"3803",446557314,21,460
"3804",446557315,7,10
"3805",446557316,1,3
"3806",446557317,10,1025
"3807",446878972,1,7
"3808",446878973,2,52
"3809",446878974,2,18
"3810",446878975,3,22
"3811",446878976,1,21
"3812",446878977,2,28
"3813",446878980,1,31
"3814",446878982,1,37
"3815",446887312,1,1
"3816",446887321,6,1201
"3817",447041910,1,108
"3818",447104329,64,608
"3819",447104330,14,124
"3820",447104331,49,304
"3821",447242480,2,30
"3822",447242501,7,404
"3823",447242503,4,20
"3824",447313060,35,638
"3825",447313061,34,72
"3826",447313062,40,460
"3827",447313530,32,40
"3828",447313531,41,149
"3829",447313532,43,1110
"3830",447733110,5,260
